1,92.7639770507812,0,230.098648071289
1,92.7639770507812,0,230.098648071289
1,92.7639770507812,0,230.098648071289
1,92.7639770507812,0,230.098648071289
1,92.197265625,0,230.486038208008
1,92.197265625,0,230.486038208008
1,92.197265625,0,230.486038208008
1,92.197265625,0,230.486038208008
1,92.197265625,0,230.486038208008
1,92.197265625,0,230.486038208008
1,92.197265625,0,230.486038208008
1,92.197265625,0,230.486038208008
1,92.197265625,0,230.486038208008
1,92.197265625,0,230.486038208008
1,92.197265625,0,230.486038208008
1,92.197265625,0,230.486038208008
1,92.197265625,0,230.486038208008
1,92.197265625,0,230.486038208008
1,92.197265625,0,230.486038208008
1,92.197265625,0,230.486038208008
1,92.197265625,0,230.486038208008
1,92.197265625,0,230.486038208008
1,92.197265625,0,230.486038208008
1,92.197265625,0,230.486038208008
1,92.197265625,0,230.486038208008
1,92.197265625,0,230.486038208008
1,92.197265625,0,230.486038208008
1,92.197265625,0,230.486038208008
1,92.197265625,0,230.486038208008
1,92.197265625,0,230.486038208008
1,92.197265625,0,230.486038208008
1,92.197265625,0,230.486038208008
1,92.197265625,0,230.486038208008
1,92.197265625,0,230.486038208008
1,92.197265625,0,230.486038208008
1,92.197265625,0,230.486038208008
1,92.197265625,0,230.486038208008
1,92.197265625,0,230.486038208008
1,92.197265625,0,230.486038208008
1,92.197265625,0,230.486038208008
1,92.197265625,0,230.486038208008
1,92.197265625,0,230.486038208008
1,92.197265625,0,230.486038208008
1,92.197265625,0,230.486038208008
1,92.197265625,0,230.486038208008
1,92.1964492797852,-0.386193871498108,230.486038208008
1,92.1964492797852,-0.386193871498108,230.486038208008
1,92.1964492797852,-0.386193871498108,230.486038208008
1,92.1964492797852,-0.386193871498108,230.486038208008
1,92.1964492797852,-0.386193871498108,230.486038208008
1,92.1964492797852,-0.386193871498108,230.486038208008
1,92.1964492797852,-0.386193871498108,230.486038208008
1,92.1964492797852,-0.386193871498108,230.486038208008
1,92.1964492797852,-0.386193871498108,230.486038208008
1,92.1964492797852,-0.386193871498108,230.486038208008
1,92.1964492797852,-0.386193871498108,230.486038208008
1,92.1964492797852,-0.386193871498108,230.486038208008
1,92.1964492797852,-0.386193871498108,230.486038208008
1,92.1964492797852,-0.386193871498108,230.486038208008
1,92.7639770507812,0,230.098648071289
1,92.7639770507812,0,230.098648071289
1,92.7639770507812,0,230.098648071289
1,92.7639770507812,0,230.098648071289
1,92.7639770507812,0,230.098648071289
1,92.7639770507812,0,230.098648071289
1,92.7639770507812,0,230.098648071289
1,92.7639770507812,0,230.098648071289
1,92.7639770507812,0,230.098648071289
1,92.7639770507812,0,230.098648071289
1,92.7639770507812,0,230.098648071289
1,92.7639770507812,0,230.098648071289
1,92.7639770507812,0,230.098648071289
1,92.197265625,0,230.486038208008
1,92.197265625,0,230.486038208008
1,92.197265625,0,230.486038208008
1,92.197265625,0,230.486038208008
1,92.197265625,0,230.486038208008
1,92.197265625,0,230.486038208008
1,92.197265625,0,230.486038208008
1,92.197265625,0,230.486038208008
1,92.197265625,0,230.486038208008
1,92.197265625,0,230.486038208008
1,92.197265625,0,230.486038208008
1,92.197265625,0,230.486038208008
1,92.197265625,0,230.486038208008
1,92.197265625,0,230.486038208008
1,92.197265625,0,230.486038208008
1,92.197265625,0,230.486038208008
1,92.197265625,0,230.486038208008
1,92.197265625,0,230.486038208008
1,92.197265625,0,230.486038208008
1,92.197265625,0,230.486038208008
1,92.197265625,0,230.486038208008
1,92.7639770507812,0,230.098648071289
1,92.7639770507812,0,230.098648071289
1,92.7639770507812,0,230.098648071289
1,92.7639770507812,0,230.098648071289
1,92.7639770507812,0,230.098648071289
1,92.7639770507812,0,230.098648071289
1,92.7639770507812,0,230.098648071289
1,92.7639770507812,0,230.098648071289
1,92.7639770507812,0,230.098648071289
1,92.197265625,0,230.486038208008
1,92.197265625,0,230.486038208008
1,92.197265625,0,230.486038208008
1,92.197265625,0,230.486038208008
1,92.197265625,0,230.486038208008
1,92.197265625,0,230.486038208008
1,92.197265625,0,230.486038208008
1,92.197265625,0,230.486038208008
1,92.197265625,0,230.486038208008
1,92.197265625,0,230.486038208008
1,92.197265625,0,230.486038208008
1,92.197265625,0,230.486038208008
1,92.197265625,0,230.486038208008
1,92.197265625,0,230.486038208008
1,92.197265625,0,230.486038208008
1,92.197265625,0,230.486038208008
1,92.197265625,0,230.486038208008
1,92.7639770507812,0,230.098648071289
1,92.7639770507812,0,230.098648071289
1,92.7639770507812,0,230.098648071289
1,92.7639770507812,0,230.098648071289
1,92.7639770507812,0,230.098648071289
1,92.7639770507812,0,230.098648071289
1,92.7639770507812,0,230.098648071289
1,92.7639770507812,0,230.098648071289
1,92.1964492797852,-0.386193871498108,230.486038208008
1,92.1964492797852,-0.386193871498108,230.486038208008
1,92.1964492797852,-0.386193871498108,230.486038208008
1,92.1964492797852,-0.386193871498108,230.486038208008
1,92.1964492797852,-0.386193871498108,230.486038208008
1,92.1964492797852,-0.386193871498108,230.486038208008
1,92.1964492797852,-0.386193871498108,230.486038208008
1,92.197265625,0,230.486038208008
1,92.197265625,0,230.486038208008
1,92.197265625,0,230.486038208008
1,92.197265625,0,230.486038208008
1,92.197265625,0,230.486038208008
1,92.197265625,0,230.486038208008
1,92.197265625,0,230.486038208008
1,92.197265625,0,230.486038208008
1,92.7639770507812,0,230.098648071289
1,92.7639770507812,0,230.098648071289
1,92.7639770507812,0,230.098648071289
1,92.7639770507812,0,230.098648071289
1,92.7639770507812,0,230.098648071289
1,92.7639770507812,0,230.098648071289
1,92.7639770507812,0,230.098648071289
1,92.7639770507812,0,230.098648071289
1,92.7639770507812,0,230.098648071289
1,92.7639770507812,0,230.098648071289
1,92.7639770507812,0,230.098648071289
1,92.7639770507812,0,230.098648071289
1,92.7639770507812,0,230.098648071289
1,92.7639770507812,0,230.098648071289
1,92.7639770507812,0,230.098648071289
1,92.7639770507812,0,230.098648071289
1,92.7631607055664,-0.38856765627861,230.098648071289
1,92.7631607055664,-0.38856765627861,230.098648071289
1,92.7631607055664,-0.38856765627861,230.098648071289
1,92.7631607055664,-0.38856765627861,230.098648071289
1,92.7631607055664,-0.38856765627861,230.098648071289
1,92.7631607055664,-0.38856765627861,230.098648071289
1,92.7639770507812,0,230.098648071289
1,92.7639770507812,0,230.098648071289
1,92.7639770507812,0,230.098648071289
1,92.7639770507812,0,230.098648071289
1,92.7639770507812,0,230.098648071289
1,92.7639770507812,0,230.098648071289
1,92.7639770507812,0,230.098648071289
1,92.7639770507812,0,230.098648071289
1,92.197265625,0,230.486038208008
1,92.197265625,0,230.486038208008
1,92.197265625,0,230.486038208008
1,92.197265625,0,230.486038208008
1,92.197265625,0,230.486038208008
1,92.197265625,0,230.486038208008
1,92.197265625,0,230.486038208008
1,92.197265625,0,230.486038208008
1,92.197265625,0,230.486038208008
1,92.197265625,0,230.486038208008
1,92.197265625,0,230.486038208008
1,92.197265625,0,230.486038208008
1,92.197265625,0,230.486038208008
1,92.197265625,0,230.486038208008
1,92.197265625,0,230.486038208008
1,92.197265625,0,230.486038208008
1,92.197265625,0,230.486038208008
1,92.197265625,0,230.486038208008
1,92.197265625,0,230.486038208008
1,92.197265625,0,230.486038208008
1,92.197265625,0,230.486038208008
1,92.197265625,0,230.486038208008
1,92.197265625,0,230.486038208008
1,92.197265625,0,230.486038208008
1,92.197265625,0,230.486038208008
1,92.197265625,0,230.486038208008
1,92.197265625,0,230.486038208008
1,92.197265625,0,230.486038208008
1,92.197265625,0,230.486038208008
1,92.7639770507812,0,230.098648071289
1,92.7639770507812,0,230.098648071289
1,92.7639770507812,0,230.098648071289
1,92.7639770507812,0,230.098648071289
1,92.7639770507812,0,230.098648071289
1,92.7639770507812,0,230.098648071289
1,92.7639770507812,0,230.098648071289
1,92.7639770507812,0,230.098648071289
1,92.7639770507812,0,230.098648071289
1,92.7639770507812,0,230.098648071289
1,92.7639770507812,0,230.098648071289
1,92.7639770507812,0,230.098648071289
1,92.7639770507812,0,230.098648071289
1,92.7639770507812,0,230.098648071289
1,92.7639770507812,0,230.098648071289
1,92.197265625,0,230.486038208008
1,92.197265625,0,230.486038208008
1,92.197265625,0,230.486038208008
1,92.197265625,0,230.486038208008
1,92.197265625,0,230.486038208008
1,92.197265625,0,230.486038208008
1,92.197265625,0,230.486038208008
1,92.197265625,0,230.486038208008
1,92.7639770507812,0,230.098648071289
1,92.7639770507812,0,230.098648071289
1,92.7639770507812,0,230.098648071289
1,92.7639770507812,0,230.098648071289
1,92.7639770507812,0,230.098648071289
1,92.7639770507812,0,230.098648071289
1,92.7639770507812,0,230.098648071289
1,92.197265625,0,230.486038208008
1,92.197265625,0,230.486038208008
1,92.197265625,0,230.486038208008
1,92.197265625,0,230.486038208008
1,92.197265625,0,230.486038208008
1,92.197265625,0,230.486038208008
1,92.7631607055664,-0.38856765627861,230.098648071289
1,92.7631607055664,-0.38856765627861,230.098648071289
1,92.7631607055664,-0.38856765627861,230.098648071289
1,92.7631607055664,-0.38856765627861,230.098648071289
1,92.7631607055664,-0.38856765627861,230.098648071289
1,92.7631607055664,-0.38856765627861,230.098648071289
1,92.7631607055664,-0.38856765627861,230.098648071289
1,92.7639770507812,0,230.098648071289
1,92.7639770507812,0,230.098648071289
1,92.7639770507812,0,230.098648071289
1,92.7639770507812,0,230.098648071289
1,92.7639770507812,0,230.098648071289
1,92.7639770507812,0,230.098648071289
1,92.7639770507812,0,230.098648071289
1,92.7631607055664,-0.38856765627861,230.098648071289
1,92.7631607055664,-0.38856765627861,230.098648071289
1,92.7631607055664,-0.38856765627861,230.098648071289
1,92.7631607055664,-0.38856765627861,230.098648071289
1,92.7631607055664,-0.38856765627861,230.098648071289
1,92.7631607055664,-0.38856765627861,230.098648071289
1,92.7631607055664,-0.38856765627861,230.098648071289
1,92.7631607055664,-0.38856765627861,230.098648071289
1,92.7639770507812,0,230.098648071289
1,92.7639770507812,0,230.098648071289
1,92.7639770507812,0,230.098648071289
1,92.7639770507812,0,230.098648071289
1,92.7639770507812,0,230.098648071289
1,92.7639770507812,0,230.098648071289
1,92.7639770507812,0,230.098648071289
1,92.7639770507812,0,230.098648071289
1,92.1964492797852,-0.386193871498108,230.486038208008
1,92.1964492797852,-0.386193871498108,230.486038208008
1,92.1964492797852,-0.386193871498108,230.486038208008
1,92.1964492797852,-0.386193871498108,230.486038208008
1,92.1964492797852,-0.386193871498108,230.486038208008
1,92.1964492797852,-0.386193871498108,230.486038208008
1,92.1964492797852,-0.386193871498108,230.486038208008
1,92.197265625,0,230.486038208008
1,92.197265625,0,230.486038208008
1,92.197265625,0,230.486038208008
1,92.197265625,0,230.486038208008
1,92.197265625,0,230.486038208008
1,92.197265625,0,230.486038208008
1,92.197265625,0,230.486038208008
1,92.197265625,0,230.486038208008
1,92.197265625,0,230.486038208008
1,92.197265625,0,230.486038208008
1,92.7639770507812,0,230.098648071289
1,92.7639770507812,0,230.098648071289
1,92.7639770507812,0,230.098648071289
1,92.7639770507812,0,230.098648071289
1,92.7639770507812,0,230.098648071289
1,92.7639770507812,0,230.098648071289
1,92.7639770507812,0,230.098648071289
1,92.7639770507812,0,230.098648071289
1,92.197265625,0,230.486038208008
1,92.197265625,0,230.486038208008
1,92.197265625,0,230.486038208008
1,92.197265625,0,230.486038208008
1,92.197265625,0,230.486038208008
1,92.197265625,0,230.486038208008
1,92.197265625,0,230.486038208008
1,92.197265625,0,230.486038208008
1,92.7639770507812,0,230.098648071289
1,92.7639770507812,0,230.098648071289
1,92.7639770507812,0,230.098648071289
1,92.7639770507812,0,230.098648071289
1,92.7639770507812,0,230.098648071289
1,92.7639770507812,0,230.098648071289
1,92.7639770507812,0,230.098648071289
1,92.1964492797852,-0.386193871498108,230.486038208008
1,92.1964492797852,-0.386193871498108,230.486038208008
1,92.1964492797852,-0.386193871498108,230.486038208008
1,92.1964492797852,-0.386193871498108,230.486038208008
1,92.1964492797852,-0.386193871498108,230.486038208008
1,92.1964492797852,-0.386193871498108,230.486038208008
1,92.1964492797852,-0.386193871498108,230.486038208008
1,92.1964492797852,-0.386193871498108,230.486038208008
1,92.1964492797852,-0.386193871498108,230.486038208008
1,92.1964492797852,-0.386193871498108,230.486038208008
1,92.1964492797852,-0.386193871498108,230.486038208008
1,92.1964492797852,-0.386193871498108,230.486038208008
1,92.1964492797852,-0.386193871498108,230.486038208008
1,92.1964492797852,-0.386193871498108,230.486038208008
1,92.1964492797852,-0.386193871498108,230.486038208008
1,92.1964492797852,-0.386193871498108,230.486038208008
1,92.7639770507812,0,230.098648071289
1,92.7639770507812,0,230.098648071289
1,92.7639770507812,0,230.098648071289
1,92.7639770507812,0,230.098648071289
1,92.7639770507812,0,230.098648071289
1,92.7639770507812,0,230.098648071289
1,92.197265625,0,230.486038208008
1,92.197265625,0,230.486038208008
1,92.197265625,0,230.486038208008
1,92.197265625,0,230.486038208008
1,92.1964492797852,-0.386193871498108,230.486038208008
1,92.1964492797852,-0.386193871498108,230.486038208008
1,92.1964492797852,-0.386193871498108,230.486038208008
1,92.1964492797852,-0.386193871498108,230.486038208008
1,92.1964492797852,-0.386193871498108,230.486038208008
1,92.7639770507812,0,230.098648071289
1,92.7639770507812,0,230.098648071289
1,92.7639770507812,0,230.098648071289
1,92.197265625,0,230.486038208008
1,92.197265625,0,230.486038208008
1,92.197265625,0,230.486038208008
1,92.197265625,0,230.486038208008
1,92.7631607055664,-0.38856765627861,230.098648071289
1,92.7631607055664,-0.38856765627861,230.098648071289
1,92.7631607055664,-0.38856765627861,230.098648071289
1,92.7639770507812,0,230.098648071289
1,92.7639770507812,0,230.098648071289
1,92.7639770507812,0,230.098648071289
1,92.197265625,0,230.486038208008
1,92.197265625,0,230.486038208008
1,92.197265625,0,230.486038208008
1,92.197265625,0,230.486038208008
1,92.197265625,0,230.486038208008
1,92.197265625,0,230.486038208008
1,92.197265625,0,230.486038208008
1,92.197265625,0,230.486038208008
1,92.197265625,0,230.486038208008
1,92.197265625,0,230.486038208008
1,92.197265625,0,230.486038208008
1,92.197265625,0,230.486038208008
1,92.1964492797852,-0.386193871498108,230.486038208008
1,92.1964492797852,-0.386193871498108,230.486038208008
1,92.1964492797852,-0.386193871498108,230.486038208008
1,92.7639770507812,0,230.098648071289
1,92.7639770507812,0,230.098648071289
1,92.7639770507812,0,230.098648071289
1,92.7639770507812,0,230.098648071289
1,92.7631607055664,-0.38856765627861,230.098648071289
1,92.7631607055664,-0.38856765627861,230.098648071289
1,92.7631607055664,-0.38856765627861,230.098648071289
1,92.7631607055664,-0.38856765627861,230.098648071289
1,92.7639770507812,0,230.098648071289
1,92.7639770507812,0,230.098648071289
1,92.7639770507812,0,230.098648071289
1,92.7639770507812,0,230.098648071289
1,92.7639770507812,0,230.098648071289
1,92.7639770507812,0,230.098648071289
1,92.7639770507812,0,230.098648071289
1,92.7639770507812,0,230.098648071289
1,92.7639770507812,0,230.098648071289
1,92.7639770507812,0,230.098648071289
1,92.7639770507812,0,230.098648071289
1,92.7639770507812,0,230.098648071289
1,92.1964492797852,-0.386193871498108,230.486038208008
1,92.1964492797852,-0.386193871498108,230.486038208008
1,92.1964492797852,-0.386193871498108,230.486038208008
1,92.1964492797852,-0.386193871498108,230.486038208008
1,92.197265625,0,230.486038208008
1,92.197265625,0,230.486038208008
1,92.197265625,0,230.486038208008
1,92.197265625,0,230.486038208008
1,92.197265625,0,230.486038208008
1,92.197265625,0,230.486038208008
1,92.197265625,0,230.486038208008
1,92.197265625,0,230.486038208008
1,92.197265625,0,230.486038208008
1,92.197265625,0,230.486038208008
1,92.7639770507812,0,230.098648071289
1,92.7639770507812,0,230.098648071289
1,92.7639770507812,0,230.098648071289
1,92.7639770507812,0,230.098648071289
1,92.7631607055664,-0.38856765627861,230.098648071289
1,92.7631607055664,-0.38856765627861,230.098648071289
1,92.7631607055664,-0.38856765627861,230.098648071289
1,92.7631607055664,-0.38856765627861,230.098648071289
1,92.7631607055664,-0.38856765627861,230.098648071289
1,92.7631607055664,-0.38856765627861,230.098648071289
1,92.7631607055664,-0.38856765627861,230.098648071289
1,92.7631607055664,-0.38856765627861,230.098648071289
1,92.7631607055664,-0.38856765627861,230.098648071289
1,92.7639770507812,0,230.098648071289
1,92.7639770507812,0,230.098648071289
1,92.7639770507812,0,230.098648071289
1,92.7639770507812,0,230.098648071289
1,92.7639770507812,0,230.098648071289
1,92.7639770507812,0,230.098648071289
1,92.7639770507812,0,230.098648071289
1,92.7639770507812,0,230.098648071289
1,92.7639770507812,0,230.098648071289
1,92.7639770507812,0,230.098648071289
1,92.7639770507812,0,230.098648071289
1,92.7639770507812,0,230.098648071289
1,92.7639770507812,0,230.098648071289
1,92.7639770507812,0,230.098648071289
1,92.7639770507812,0,230.098648071289
1,92.7639770507812,0,230.098648071289
1,92.7639770507812,0,230.098648071289
1,92.7639770507812,0,230.098648071289
1,92.7639770507812,0,230.098648071289
1,92.7639770507812,0,230.098648071289
1,92.7639770507812,0,230.098648071289
1,92.197265625,0,230.486038208008
1,92.197265625,0,230.486038208008
1,92.197265625,0,230.486038208008
1,92.197265625,0,230.486038208008
1,92.197265625,0,230.486038208008
1,92.197265625,0,230.486038208008
1,92.197265625,0,230.486038208008
1,92.197265625,0,230.486038208008
1,92.7631607055664,-0.38856765627861,230.098648071289
1,92.7631607055664,-0.38856765627861,230.098648071289
1,92.7631607055664,-0.38856765627861,230.098648071289
1,92.7631607055664,-0.38856765627861,230.098648071289
1,92.7639770507812,0,230.098648071289
1,92.7639770507812,0,230.098648071289
1,92.7639770507812,0,230.098648071289
1,92.7639770507812,0,230.098648071289
1,92.1964492797852,-0.386193871498108,230.486038208008
1,92.1964492797852,-0.386193871498108,230.486038208008
1,92.1964492797852,-0.386193871498108,230.486038208008
1,92.1964492797852,-0.386193871498108,230.486038208008
1,92.7639770507812,0,230.098648071289
1,92.7639770507812,0,230.098648071289
1,92.7639770507812,0,230.098648071289
1,92.7639770507812,0,230.098648071289
1,92.7639770507812,0,230.098648071289
1,92.197265625,0,230.486038208008
1,92.197265625,0,230.486038208008
1,92.197265625,0,230.486038208008
1,92.7631607055664,-0.38856765627861,230.098648071289
1,92.7631607055664,-0.38856765627861,230.098648071289
1,92.7631607055664,-0.38856765627861,230.098648071289
1,92.7631607055664,-0.38856765627861,230.098648071289
1,92.197265625,0,230.486038208008
1,92.197265625,0,230.486038208008
1,92.197265625,0,230.486038208008
1,92.197265625,0,230.486038208008
1,92.197265625,0,230.486038208008
1,92.197265625,0,230.486038208008
1,92.197265625,0,230.486038208008
1,92.197265625,0,230.486038208008
1,92.197265625,0,230.486038208008
1,92.197265625,0,230.486038208008
1,92.7639770507812,0,230.098648071289
1,92.7639770507812,0,230.098648071289
1,92.7639770507812,0,230.098648071289
1,92.7639770507812,0,230.098648071289
1,92.7639770507812,0,230.098648071289
1,92.7639770507812,0,230.098648071289
1,92.7639770507812,0,230.098648071289
1,92.7639770507812,0,230.098648071289
1,92.7639770507812,0,230.098648071289
1,92.7639770507812,0,230.098648071289
1,92.7639770507812,0,230.098648071289
1,92.7639770507812,0,230.098648071289
1,92.7639770507812,0,230.098648071289
1,92.1964492797852,-0.386193871498108,230.486038208008
1,92.1964492797852,-0.386193871498108,230.486038208008
1,92.1964492797852,-0.386193871498108,230.486038208008
1,92.1964492797852,-0.386193871498108,230.486038208008
1,92.1964492797852,-0.386193871498108,230.486038208008
1,92.7639770507812,0,230.098648071289
1,92.7639770507812,0,230.098648071289
1,92.7639770507812,0,230.098648071289
1,92.7639770507812,0,230.098648071289
1,92.7631607055664,-0.38856765627861,230.098648071289
1,92.7631607055664,-0.38856765627861,230.098648071289
1,92.7631607055664,-0.38856765627861,230.098648071289
1,92.7631607055664,-0.38856765627861,230.098648071289
1,92.7631607055664,-0.38856765627861,230.098648071289
1,92.197265625,0,230.486038208008
1,92.197265625,0,230.486038208008
1,92.197265625,0,230.486038208008
1,92.197265625,0,230.486038208008
1,92.7639770507812,0,230.098648071289
1,92.7639770507812,0,230.098648071289
1,92.7639770507812,0,230.098648071289
1,92.7639770507812,0,230.098648071289
1,92.7639770507812,0,230.098648071289
1,92.7631607055664,-0.38856765627861,230.098648071289
1,92.7631607055664,-0.38856765627861,230.098648071289
1,92.7631607055664,-0.38856765627861,230.098648071289
1,92.7639770507812,0,230.098648071289
1,92.7639770507812,0,230.098648071289
1,92.7639770507812,0,230.098648071289
1,92.7639770507812,0,230.098648071289
1,92.7639770507812,0,230.098648071289
1,92.7639770507812,0,230.098648071289
1,92.7639770507812,0,230.098648071289
1,92.7639770507812,0,230.098648071289
1,92.7639770507812,0,230.098648071289
1,92.1964492797852,-0.386193871498108,230.486038208008
1,92.1964492797852,-0.386193871498108,230.486038208008
1,92.1964492797852,-0.386193871498108,230.486038208008
1,92.1964492797852,-0.386193871498108,230.486038208008
1,92.1964492797852,-0.386193871498108,230.486038208008
1,92.1964492797852,-0.386193871498108,230.486038208008
1,92.7639770507812,0,230.098648071289
1,92.7639770507812,0,230.098648071289
1,92.7639770507812,0,230.098648071289
1,92.197265625,0,230.486038208008
1,92.197265625,0,230.486038208008
1,92.197265625,0,230.486038208008
1,92.197265625,0,230.486038208008
1,92.197265625,0,230.486038208008
1,92.197265625,0,230.486038208008
1,92.197265625,0,230.486038208008
1,92.197265625,0,230.486038208008
1,92.197265625,0,230.486038208008
1,92.197265625,0,230.486038208008
1,92.197265625,0,230.486038208008
1,92.197265625,0,230.486038208008
1,92.197265625,0,230.486038208008
1,92.7639770507812,0,230.098648071289
1,92.7639770507812,0,230.098648071289
1,92.7639770507812,0,230.098648071289
1,92.7639770507812,0,230.098648071289
1,92.7639770507812,0,230.098648071289
1,92.7639770507812,0,230.098648071289
1,92.7639770507812,0,230.098648071289
1,92.7639770507812,0,230.098648071289
1,92.7639770507812,0,230.098648071289
1,92.7639770507812,0,230.098648071289
1,92.7639770507812,0,230.098648071289
1,92.197265625,0,230.486038208008
1,92.197265625,0,230.486038208008
1,92.197265625,0,230.486038208008
1,92.197265625,0,230.486038208008
1,92.7639770507812,0,230.098648071289
1,92.7639770507812,0,230.098648071289
1,92.7639770507812,0,230.098648071289
1,92.7639770507812,0,230.098648071289
1,92.7639770507812,0,230.098648071289
1,92.7639770507812,0,230.098648071289
1,92.7639770507812,0,230.098648071289
1,92.7639770507812,0,230.098648071289
1,92.7639770507812,0,230.098648071289
1,92.7639770507812,0,230.098648071289
1,92.7639770507812,0,230.098648071289
1,92.7639770507812,0,230.098648071289
1,92.7639770507812,0,230.098648071289
1,92.197265625,0,230.486038208008
1,92.197265625,0,230.486038208008
1,92.197265625,0,230.486038208008
1,92.197265625,0,230.486038208008
1,92.197265625,0,230.486038208008
1,92.197265625,0,230.486038208008
1,92.197265625,0,230.486038208008
1,92.197265625,0,230.486038208008
1,92.197265625,0,230.486038208008
1,92.7631607055664,-0.38856765627861,230.098648071289
1,92.7631607055664,-0.38856765627861,230.098648071289
1,92.7631607055664,-0.38856765627861,230.098648071289
1,92.7631607055664,-0.38856765627861,230.098648071289
1,92.7631607055664,-0.38856765627861,230.098648071289
1,92.7631607055664,-0.38856765627861,230.098648071289
1,92.7631607055664,-0.38856765627861,230.098648071289
1,92.7631607055664,-0.38856765627861,230.098648071289
1,92.7631607055664,-0.38856765627861,230.098648071289
1,92.197265625,0,230.486038208008
1,92.197265625,0,230.486038208008
1,92.197265625,0,230.486038208008
1,92.197265625,0,230.486038208008
1,92.7639770507812,0,230.098648071289
1,92.7639770507812,0,230.098648071289
1,92.7639770507812,0,230.098648071289
1,92.7639770507812,0,230.098648071289
1,92.7639770507812,0,230.098648071289
1,92.7631607055664,-0.38856765627861,230.098648071289
1,92.7631607055664,-0.38856765627861,230.098648071289
1,92.7631607055664,-0.38856765627861,230.098648071289
1,92.7631607055664,-0.38856765627861,230.098648071289
1,92.7631607055664,-0.38856765627861,230.098648071289
1,92.7639770507812,0,230.098648071289
1,92.7639770507812,0,230.098648071289
1,92.7639770507812,0,230.098648071289
1,92.7639770507812,0,230.098648071289
1,92.7639770507812,0,230.098648071289
1,92.7639770507812,0,230.098648071289
1,92.7639770507812,0,230.098648071289
1,92.7639770507812,0,230.098648071289
1,92.7639770507812,0,230.098648071289
1,92.7639770507812,0,230.098648071289
1,92.7639770507812,0,230.098648071289
1,92.7639770507812,0,230.098648071289
1,92.7639770507812,0,230.098648071289
1,92.7631607055664,-0.38856765627861,230.098648071289
1,92.7631607055664,-0.38856765627861,230.098648071289
1,92.7631607055664,-0.38856765627861,230.098648071289
1,92.7631607055664,-0.38856765627861,230.098648071289
1,92.7639770507812,0,230.098648071289
1,92.7639770507812,0,230.098648071289
1,92.7639770507812,0,230.098648071289
1,92.7639770507812,0,230.098648071289
1,92.7639770507812,0,230.098648071289
1,92.7639770507812,0,230.098648071289
1,92.7639770507812,0,230.098648071289
1,92.7639770507812,0,230.098648071289
1,92.7639770507812,0,230.098648071289
1,92.7639770507812,0,230.098648071289
1,92.7639770507812,0,230.098648071289
1,92.7639770507812,0,230.098648071289
1,92.7639770507812,0,230.098648071289
1,92.7639770507812,0,230.098648071289
1,92.7639770507812,0,230.098648071289
1,92.7639770507812,0,230.098648071289
1,92.197265625,0,230.486038208008
1,92.197265625,0,230.486038208008
1,92.197265625,0,230.486038208008
1,92.197265625,0,230.486038208008
1,92.197265625,0,230.486038208008
1,92.7639770507812,0,230.098648071289
1,92.7639770507812,0,230.098648071289
1,92.7639770507812,0,230.098648071289
1,92.7631607055664,-0.38856765627861,230.098648071289
1,92.7631607055664,-0.38856765627861,230.098648071289
1,92.7631607055664,-0.38856765627861,230.098648071289
1,92.7631607055664,-0.38856765627861,230.098648071289
1,92.7631607055664,-0.38856765627861,230.098648071289
1,92.197265625,0,230.486038208008
1,92.197265625,0,230.486038208008
2,92.197265625,0,230.486038208008
2,92.197265625,0,230.486038208008
2,92.7639770507812,0,230.098648071289
2,92.7639770507812,0,230.098648071289
2,92.7639770507812,0,230.098648071289
2,92.7639770507812,0,230.098648071289
2,92.7639770507812,0,230.098648071289
2,92.7639770507812,0,230.098648071289
2,92.7639770507812,0,230.098648071289
2,92.7639770507812,0,230.098648071289
2,92.7639770507812,0,230.098648071289
2,92.7639770507812,0,230.098648071289
2,92.7639770507812,0,230.098648071289
2,92.7639770507812,0,230.098648071289
2,92.7639770507812,0,230.098648071289
2,92.7639770507812,0,230.098648071289
2,92.7639770507812,0,230.098648071289
2,92.7639770507812,0,230.098648071289
2,92.197265625,0,230.486038208008
2,92.197265625,0,230.486038208008
2,92.197265625,0,230.486038208008
2,92.197265625,0,230.486038208008
2,92.197265625,0,230.486038208008
2,92.7639770507812,0,230.098648071289
2,92.7639770507812,0,230.098648071289
2,92.7639770507812,0,230.098648071289
2,92.7639770507812,0,230.098648071289
2,92.7639770507812,0,230.098648071289
2,92.9093780517578,-0.389180123806,229.706130981445
2,92.9093780517578,-0.389180123806,229.706130981445
2,92.9093780517578,-0.389180123806,229.706130981445
2,92.9093780517578,-0.389180123806,229.706130981445
2,93.328239440918,-0.390934646129608,229.708892822266
2,93.328239440918,-0.390934646129608,229.708892822266
2,93.328239440918,-0.390934646129608,229.708892822266
2,93.328239440918,-0.390934646129608,229.708892822266
2,93.8916702270508,-0.393294811248779,229.316772460938
2,93.8916702270508,-0.393294811248779,229.316772460938
2,93.8916702270508,-0.393294811248779,229.316772460938
2,93.8916702270508,-0.393294811248779,229.316772460938
2,95.0144348144531,0,228.525482177734
2,95.0144348144531,0,228.525482177734
2,95.0144348144531,0,228.525482177734
2,95.0144348144531,0,228.525482177734
2,95.0144348144531,0,228.525482177734
2,97.2382431030273,0,226.914840698242
2,97.2382431030273,0,226.914840698242
2,97.2382431030273,0,226.914840698242
2,99.9795150756836,0,224.849502563477
2,99.9795150756836,0,224.849502563477
2,99.9795150756836,0,224.849502563477
2,99.9795150756836,0,224.849502563477
2,101.358207702637,-0.424570739269257,224.38427734375
2,101.358207702637,-0.424570739269257,224.38427734375
2,101.358207702637,-0.424570739269257,224.38427734375
2,101.358207702637,-0.424570739269257,224.38427734375
2,103.275100708008,0,223.471282958984
2,103.275100708008,0,223.471282958984
2,103.275100708008,0,223.471282958984
2,103.275100708008,0,223.471282958984
2,103.275100708008,0,223.471282958984
2,105.29759979248,-0.441072136163712,222.125854492188
2,105.29759979248,-0.441072136163712,222.125854492188
2,105.29759979248,-0.441072136163712,222.125854492188
2,105.29759979248,-0.441072136163712,222.125854492188
2,108.246086120605,0,220.249557495117
2,108.246086120605,0,220.249557495117
2,108.246086120605,0,220.249557495117
2,108.246086120605,0,220.249557495117
2,110.641716003418,0,218.76774597168
2,110.641716003418,0,218.76774597168
2,110.641716003418,0,218.76774597168
2,110.641716003418,0,218.76774597168
2,112.087982177734,-0.469515770673752,217.774612426758
2,112.087982177734,-0.469515770673752,217.774612426758
2,112.087982177734,-0.469515770673752,217.774612426758
2,112.087982177734,-0.469515770673752,217.774612426758
2,112.087982177734,-0.469515770673752,217.774612426758
2,114.54313659668,0,215.808822631836
2,114.54313659668,0,215.808822631836
2,114.54313659668,0,215.808822631836
2,114.54313659668,0,215.808822631836
2,118.035690307617,0,212.398788452148
2,118.035690307617,0,212.398788452148
2,118.035690307617,0,212.398788452148
2,118.035690307617,0,212.398788452148
2,120.728073120117,0,210.632568359375
2,120.728073120117,0,210.632568359375
2,120.728073120117,0,210.632568359375
2,120.728073120117,0,210.632568359375
2,120.728073120117,0,210.632568359375
2,121.543769836426,0,210.441558837891
2,121.543769836426,0,210.441558837891
2,121.543769836426,0,210.441558837891
2,121.543769836426,0,210.441558837891
2,123.16911315918,-0.515932559967041,210.0390625
2,123.16911315918,-0.515932559967041,210.0390625
2,123.16911315918,-0.515932559967041,210.0390625
2,123.16911315918,-0.515932559967041,210.0390625
2,125.08031463623,0,207.959259033203
2,125.08031463623,0,207.959259033203
2,125.08031463623,0,207.959259033203
2,125.08031463623,0,207.959259033203
2,125.08031463623,0,207.959259033203
2,126.89217376709,0,206.261871337891
2,126.89217376709,0,206.261871337891
2,126.89217376709,0,206.261871337891
2,126.89217376709,0,206.261871337891
2,128.096054077148,0,205.901580810547
2,128.096054077148,0,205.901580810547
2,128.096054077148,0,205.901580810547
2,128.096054077148,0,205.901580810547
2,129.75715637207,0,204.983673095703
2,129.75715637207,0,204.983673095703
2,129.75715637207,0,204.983673095703
2,129.75715637207,0,204.983673095703
2,129.75715637207,0,204.983673095703
2,131.071029663086,0,203.759307861328
2,131.071029663086,0,203.759307861328
2,131.071029663086,0,203.759307861328
2,131.071029663086,0,203.759307861328
2,132.767654418945,0,202.378890991211
2,132.767654418945,0,202.378890991211
2,132.767654418945,0,202.378890991211
2,132.767654418945,0,202.378890991211
2,132.767654418945,0,202.378890991211
2,134.890579223633,0,200.407012939453
2,134.890579223633,0,200.407012939453
2,134.890579223633,0,200.407012939453
2,134.890579223633,0,200.407012939453
2,137.068481445312,0,197.558975219727
2,137.068481445312,0,197.558975219727
2,137.068481445312,0,197.558975219727
2,137.068481445312,0,197.558975219727
2,138.695266723633,0,196.082702636719
2,138.695266723633,0,196.082702636719
2,138.695266723633,0,196.082702636719
2,138.695266723633,0,196.082702636719
2,139.46369934082,-0.584187567234039,195.751892089844
2,139.46369934082,-0.584187567234039,195.751892089844
2,139.46369934082,-0.584187567234039,195.751892089844
2,139.46369934082,-0.584187567234039,195.751892089844
2,139.46369934082,-0.584187567234039,195.751892089844
2,141.514312744141,0,193.226852416992
2,141.514312744141,0,193.226852416992
2,141.514312744141,0,193.226852416992
2,143.437805175781,0,191.914016723633
2,143.437805175781,0,191.914016723633
2,143.437805175781,0,191.914016723633
2,143.437805175781,0,191.914016723633
2,143.437805175781,0,191.914016723633
2,144.993621826172,0,190.333587646484
2,144.993621826172,0,190.333587646484
2,144.993621826172,0,190.333587646484
2,146.95703125,-0.615575790405273,187.276168823242
2,146.95703125,-0.615575790405273,187.276168823242
2,146.95703125,-0.615575790405273,187.276168823242
2,146.95703125,-0.615575790405273,187.276168823242
2,146.95703125,-0.615575790405273,187.276168823242
2,148.092468261719,-0.620331883430481,185.840896606445
2,148.092468261719,-0.620331883430481,185.840896606445
2,148.092468261719,-0.620331883430481,185.840896606445
2,148.092468261719,-0.620331883430481,185.840896606445
2,148.092468261719,-0.620331883430481,185.840896606445
2,151.051971435547,0,181.665908813477
2,151.051971435547,0,181.665908813477
2,151.051971435547,0,181.665908813477
2,151.407974243164,0,181.870147705078
2,151.407974243164,0,181.870147705078
2,151.407974243164,0,181.870147705078
2,151.407974243164,0,181.870147705078
2,151.407974243164,0,181.870147705078
2,152.130416870117,0,180.598678588867
2,152.130416870117,0,180.598678588867
2,152.130416870117,0,180.598678588867
2,152.130416870117,0,180.598678588867
2,153.553070068359,0,179.294418334961
2,153.553070068359,0,179.294418334961
2,153.553070068359,0,179.294418334961
2,153.553070068359,0,179.294418334961
2,153.553070068359,0,179.294418334961
2,154.605239868164,0,177.777038574219
2,154.605239868164,0,177.777038574219
2,154.605239868164,0,177.777038574219
2,154.605239868164,0,177.777038574219
2,156.303512573242,-0.654726445674896,174.521087646484
2,156.303512573242,-0.654726445674896,174.521087646484
2,156.303512573242,-0.654726445674896,174.521087646484
2,156.303512573242,-0.654726445674896,174.521087646484
2,157.005661010742,-0.657667636871338,174.464797973633
2,157.005661010742,-0.657667636871338,174.464797973633
2,157.005661010742,-0.657667636871338,174.464797973633
2,157.005661010742,-0.657667636871338,174.464797973633
2,157.005661010742,-0.657667636871338,174.464797973633
2,158.688751220703,0,172.414825439453
2,158.688751220703,0,172.414825439453
2,158.688751220703,0,172.414825439453
2,158.688751220703,0,172.414825439453
2,159.984344482422,0,170.16357421875
2,159.984344482422,0,170.16357421875
2,159.984344482422,0,170.16357421875
2,159.984344482422,0,170.16357421875
2,159.984344482422,0,170.16357421875
2,161.294204711914,0,168.727096557617
2,161.294204711914,0,168.727096557617
2,161.294204711914,0,168.727096557617
2,161.294204711914,0,168.727096557617
2,162.534652709961,0,166.432312011719
2,162.534652709961,0,166.432312011719
2,162.534652709961,0,166.432312011719
2,163.740295410156,-0.685877680778503,164.11669921875
2,163.740295410156,-0.685877680778503,164.11669921875
2,163.740295410156,-0.685877680778503,164.11669921875
2,163.740295410156,-0.685877680778503,164.11669921875
2,165.230224609375,-0.692118763923645,161.506469726562
2,165.230224609375,-0.692118763923645,161.506469726562
2,165.230224609375,-0.692118763923645,161.506469726562
2,165.230224609375,-0.692118763923645,161.506469726562
2,166.174591064453,0,160.675765991211
2,166.174591064453,0,160.675765991211
2,166.174591064453,0,160.675765991211
2,166.174591064453,0,160.675765991211
2,167.558853149414,0,157.597702026367
2,167.558853149414,0,157.597702026367
2,167.558853149414,0,157.597702026367
2,169.185333251953,0,154.198150634766
2,169.185333251953,0,154.198150634766
2,169.185333251953,0,154.198150634766
2,169.185333251953,0,154.198150634766
2,169.185333251953,0,154.198150634766
2,170.210906982422,0,151.770141601562
2,170.210906982422,0,151.770141601562
2,170.210906982422,0,151.770141601562
2,170.210906982422,0,151.770141601562
2,171.19938659668,-0.717122435569763,149.324569702148
2,171.19938659668,-0.717122435569763,149.324569702148
2,171.19938659668,-0.717122435569763,149.324569702148
2,171.19938659668,-0.717122435569763,149.324569702148
2,171.19938659668,-0.717122435569763,149.324569702148
2,171.999130249023,-0.720472455024719,147.996459960938
2,171.999130249023,-0.720472455024719,147.996459960938
2,171.999130249023,-0.720472455024719,147.996459960938
2,173.001953125,0,145.933654785156
2,173.001953125,0,145.933654785156
2,173.001953125,0,145.933654785156
2,173.001953125,0,145.933654785156
2,173.001953125,0,145.933654785156
2,174.377136230469,-0.730433523654938,142.393981933594
2,174.377136230469,-0.730433523654938,142.393981933594
2,174.377136230469,-0.730433523654938,142.393981933594
2,175.115280151367,0,141.022308349609
2,175.115280151367,0,141.022308349609
2,175.115280151367,0,141.022308349609
2,175.115280151367,0,141.022308349609
2,176.362564086914,-0.738750159740448,138.988845825195
2,176.362564086914,-0.738750159740448,138.988845825195
2,176.362564086914,-0.738750159740448,138.988845825195
2,176.362564086914,-0.738750159740448,138.988845825195
2,176.902954101562,0,136.769165039062
2,176.902954101562,0,136.769165039062
2,176.902954101562,0,136.769165039062
2,176.902954101562,0,136.769165039062
2,176.902954101562,0,136.769165039062
2,177.666534423828,0,134.208831787109
2,177.666534423828,0,134.208831787109
2,177.666534423828,0,134.208831787109
2,177.666534423828,0,134.208831787109
2,177.666534423828,0,134.208831787109
2,178.298522949219,0,131.226623535156
2,178.298522949219,0,131.226623535156
2,178.298522949219,0,131.226623535156
2,178.298522949219,0,131.226623535156
2,178.298522949219,0,131.226623535156
2,179.12483215332,0,130.613891601562
2,179.12483215332,0,130.613891601562
2,179.12483215332,0,130.613891601562
2,179.12483215332,0,130.613891601562
2,179.793640136719,-0.753122270107269,128.014801025391
2,179.793640136719,-0.753122270107269,128.014801025391
2,179.793640136719,-0.753122270107269,128.014801025391
2,179.793640136719,-0.753122270107269,128.014801025391
2,180.552856445312,0,124.647560119629
2,180.552856445312,0,124.647560119629
2,180.552856445312,0,124.647560119629
2,180.552856445312,0,124.647560119629
2,181.127563476562,0,123.185699462891
2,181.127563476562,0,123.185699462891
2,181.127563476562,0,123.185699462891
2,181.686798095703,0,120.550582885742
2,181.686798095703,0,120.550582885742
2,181.686798095703,0,120.550582885742
2,181.686798095703,0,120.550582885742
2,181.686798095703,0,120.550582885742
2,181.686798095703,0,120.550582885742
2,181.991928100586,-0.762330412864685,118.265487670898
2,181.991928100586,-0.762330412864685,118.265487670898
2,181.991928100586,-0.762330412864685,118.265487670898
2,181.991928100586,-0.762330412864685,118.265487670898
2,182.480316162109,0,115.613578796387
2,182.480316162109,0,115.613578796387
2,182.480316162109,0,115.613578796387
2,182.480316162109,0,115.613578796387
2,182.723327636719,-0.765394270420074,113.318908691406
2,182.723327636719,-0.765394270420074,113.318908691406
2,182.723327636719,-0.765394270420074,113.318908691406
2,182.723327636719,-0.765394270420074,113.318908691406
2,182.723327636719,-0.765394270420074,113.318908691406
2,182.926025390625,-0.76624321937561,112.952331542969
2,182.926025390625,-0.76624321937561,112.952331542969
2,182.926025390625,-0.76624321937561,112.952331542969
2,182.926025390625,-0.76624321937561,112.952331542969
2,182.926025390625,-0.76624321937561,112.952331542969
2,183.128784179688,0,112.584915161133
2,183.128784179688,0,112.584915161133
2,183.128784179688,0,112.584915161133
2,183.128784179688,0,112.584915161133
2,183.269683837891,0,111.050132751465
2,183.269683837891,0,111.050132751465
2,183.269683837891,0,111.050132751465
2,183.269683837891,0,111.050132751465
2,183.269683837891,0,111.050132751465
2,183.268081665039,-0.767675936222076,111.050132751465
2,183.268081665039,-0.767675936222076,111.050132751465
2,183.268081665039,-0.767675936222076,111.050132751465
2,183.268081665039,-0.767675936222076,111.050132751465
2,183.268081665039,-0.767675936222076,111.050132751465
2,183.398895263672,0,111.448577880859
2,183.398895263672,0,111.448577880859
2,183.398895263672,0,111.448577880859
2,183.398895263672,0,111.448577880859
2,183.328399658203,0,112.216659545898
2,183.328399658203,0,112.216659545898
2,183.328399658203,0,112.216659545898
2,183.328399658203,0,112.216659545898
2,183.053527832031,0,113.351852416992
2,183.053527832031,0,113.351852416992
2,183.053527832031,0,113.351852416992
2,183.053527832031,0,113.351852416992
2,183.254684448242,0,112.984436035156
2,183.254684448242,0,112.984436035156
2,183.254684448242,0,112.984436035156
2,183.128784179688,0,112.584915161133
2,183.128784179688,0,112.584915161133
2,183.128784179688,0,112.584915161133
2,183.128784179688,0,112.584915161133
2,183.128784179688,0,112.584915161133
2,183.128784179688,0,112.584915161133
2,183.128784179688,0,112.584915161133
2,183.128784179688,0,112.584915161133
2,183.128784179688,0,112.584915161133
2,183.128784179688,0,112.584915161133
2,183.254684448242,0,112.984436035156
2,183.254684448242,0,112.984436035156
2,183.254684448242,0,112.984436035156
2,183.328399658203,0,112.216659545898
2,183.328399658203,0,112.216659545898
2,183.328399658203,0,112.216659545898
2,183.254684448242,0,112.984436035156
2,183.254684448242,0,112.984436035156
2,183.328399658203,0,112.216659545898
2,183.328399658203,0,112.216659545898
2,183.328399658203,0,112.216659545898
2,183.128784179688,0,112.584915161133
2,183.128784179688,0,112.584915161133
2,183.128784179688,0,112.584915161133
2,183.128784179688,0,112.584915161133
2,183.128784179688,0,112.584915161133
2,183.254684448242,0,112.984436035156
2,183.254684448242,0,112.984436035156
2,183.254684448242,0,112.984436035156
2,183.254684448242,0,112.984436035156
2,183.053527832031,0,113.351852416992
2,183.053527832031,0,113.351852416992
2,183.053527832031,0,113.351852416992
2,183.253082275391,-0.767613112926483,112.984436035156
2,183.253082275391,-0.767613112926483,112.984436035156
2,183.253082275391,-0.767613112926483,112.984436035156
2,183.128784179688,0,112.584915161133
2,183.128784179688,0,112.584915161133
2,183.128784179688,0,112.584915161133
2,183.20085144043,0,111.817680358887
2,183.128784179688,0,112.584915161133
2,183.128784179688,0,112.584915161133
2,183.128784179688,0,112.584915161133
2,183.128784179688,0,112.584915161133
2,183.328399658203,0,112.216659545898
2,183.328399658203,0,112.216659545898
2,183.328399658203,0,112.216659545898
2,183.328399658203,0,112.216659545898
2,183.328399658203,0,112.216659545898
2,183.051910400391,-0.766770601272583,113.351852416992
2,183.051910400391,-0.766770601272583,113.351852416992
2,183.051910400391,-0.766770601272583,113.351852416992
2,183.051910400391,-0.766770601272583,113.351852416992
2,183.254684448242,0,112.984436035156
2,183.254684448242,0,112.984436035156
2,183.254684448242,0,112.984436035156
2,183.254684448242,0,112.984436035156
2,183.254684448242,0,112.984436035156
2,183.254684448242,0,112.984436035156
2,183.254684448242,0,112.984436035156
2,183.254684448242,0,112.984436035156
2,183.20085144043,0,111.817680358887
2,183.20085144043,0,111.817680358887
2,183.20085144043,0,111.817680358887
2,183.20085144043,0,111.817680358887
2,183.177734375,0,113.751884460449
2,183.177734375,0,113.751884460449
2,183.177734375,0,113.751884460449
2,183.177734375,0,113.751884460449
2,183.199234008789,-0.767387628555298,111.817680358887
2,183.199234008789,-0.767387628555298,111.817680358887
2,183.199234008789,-0.767387628555298,111.817680358887
2,183.199234008789,-0.767387628555298,111.817680358887
2,183.199234008789,-0.767387628555298,111.817680358887
2,183.053527832031,0,113.351852416992
2,183.053527832031,0,113.351852416992
2,183.053527832031,0,113.351852416992
2,183.177734375,0,113.751884460449
2,183.177734375,0,113.751884460449
2,183.177734375,0,113.751884460449
2,183.177734375,0,113.751884460449
2,183.128784179688,0,112.584915161133
2,183.128784179688,0,112.584915161133
2,183.128784179688,0,112.584915161133
2,183.128784179688,0,112.584915161133
2,183.128784179688,0,112.584915161133
2,183.328399658203,0,112.216659545898
2,183.328399658203,0,112.216659545898
2,183.328399658203,0,112.216659545898
2,183.328399658203,0,112.216659545898
2,183.20085144043,0,111.817680358887
2,183.20085144043,0,111.817680358887
2,183.20085144043,0,111.817680358887
2,183.20085144043,0,111.817680358887
2,183.20085144043,0,111.817680358887
2,183.253082275391,-0.767613112926483,112.984436035156
2,183.253082275391,-0.767613112926483,112.984436035156
2,183.253082275391,-0.767613112926483,112.984436035156
2,183.253082275391,-0.767613112926483,112.984436035156
2,183.177734375,0,113.751884460449
2,183.177734375,0,113.751884460449
2,183.177734375,0,113.751884460449
2,183.177734375,0,113.751884460449
2,183.177734375,0,113.751884460449
2,183.177734375,0,113.751884460449
2,183.177734375,0,113.751884460449
2,183.177734375,0,113.751884460449
2,183.177734375,0,113.751884460449
2,183.254684448242,0,112.984436035156
2,183.254684448242,0,112.984436035156
2,183.254684448242,0,112.984436035156
2,183.176132202148,-0.767290830612183,113.751884460449
2,183.176132202148,-0.767290830612183,113.751884460449
2,183.176132202148,-0.767290830612183,113.751884460449
2,183.176132202148,-0.767290830612183,113.751884460449
2,183.176132202148,-0.767290830612183,113.751884460449
2,183.176132202148,-0.767290830612183,113.751884460449
2,183.176132202148,-0.767290830612183,113.751884460449
2,183.176132202148,-0.767290830612183,113.751884460449
2,183.051910400391,-0.766770601272583,113.351852416992
2,183.051910400391,-0.766770601272583,113.351852416992
2,183.051910400391,-0.766770601272583,113.351852416992
2,183.051910400391,-0.766770601272583,113.351852416992
2,183.051910400391,-0.766770601272583,113.351852416992
2,183.051910400391,-0.766770601272583,113.351852416992
2,183.051910400391,-0.766770601272583,113.351852416992
2,183.051910400391,-0.766770601272583,113.351852416992
2,183.051910400391,-0.766770601272583,113.351852416992
2,183.177734375,0,113.751884460449
2,183.177734375,0,113.751884460449
2,183.177734375,0,113.751884460449
2,183.177734375,0,113.751884460449
2,183.177734375,0,113.751884460449
2,183.177734375,0,113.751884460449
2,183.177734375,0,113.751884460449
2,183.177734375,0,113.751884460449
2,183.177734375,0,113.751884460449
2,183.177734375,0,113.751884460449
2,183.177734375,0,113.751884460449
2,183.177734375,0,113.751884460449
2,183.177734375,0,113.751884460449
2,183.177734375,0,113.751884460449
2,183.177734375,0,113.751884460449
2,183.177734375,0,113.751884460449
2,183.176132202148,-0.767290830612183,113.751884460449
2,183.176132202148,-0.767290830612183,113.751884460449
2,183.176132202148,-0.767290830612183,113.751884460449
2,183.254684448242,0,112.984436035156
2,183.254684448242,0,112.984436035156
2,183.254684448242,0,112.984436035156
2,183.254684448242,0,112.984436035156
2,183.053527832031,0,113.351852416992
2,183.053527832031,0,113.351852416992
2,183.053527832031,0,113.351852416992
2,183.053527832031,0,113.351852416992
2,183.053527832031,0,113.351852416992
2,183.176132202148,-0.767290830612183,113.751884460449
2,183.176132202148,-0.767290830612183,113.751884460449
2,183.176132202148,-0.767290830612183,113.751884460449
2,183.176132202148,-0.767290830612183,113.751884460449
2,183.053527832031,0,113.351852416992
2,183.053527832031,0,113.351852416992
2,183.053527832031,0,113.351852416992
2,183.053527832031,0,113.351852416992
2,183.053527832031,0,113.351852416992
2,183.053527832031,0,113.351852416992
2,183.053527832031,0,113.351852416992
2,183.053527832031,0,113.351852416992
2,183.053527832031,0,113.351852416992
2,183.053527832031,0,113.351852416992
2,183.053527832031,0,113.351852416992
2,183.053527832031,0,113.351852416992
2,183.053527832031,0,113.351852416992
2,183.177734375,0,113.751884460449
2,183.177734375,0,113.751884460449
2,183.177734375,0,113.751884460449
2,183.177734375,0,113.751884460449
3,183.176132202148,-0.767290830612183,113.751884460449
3,183.176132202148,-0.767290830612183,113.751884460449
3,183.176132202148,-0.767290830612183,113.751884460449
3,183.176132202148,-0.767290830612183,113.751884460449
3,183.053527832031,0,113.351852416992
3,183.053527832031,0,113.351852416992
3,183.053527832031,0,113.351852416992
3,183.177734375,0,113.751884460449
3,183.177734375,0,113.751884460449
3,183.177734375,0,113.751884460449
3,183.177734375,0,113.751884460449
3,183.177734375,0,113.751884460449
3,183.128784179688,0,112.584915161133
3,183.128784179688,0,112.584915161133
3,183.128784179688,0,112.584915161133
3,183.128784179688,0,112.584915161133
3,183.177734375,0,113.751884460449
3,183.177734375,0,113.751884460449
3,183.177734375,0,113.751884460449
3,183.177734375,0,113.751884460449
3,183.177734375,0,113.751884460449
3,183.177734375,0,113.751884460449
3,183.177734375,0,113.751884460449
3,183.177734375,0,113.751884460449
3,183.177734375,0,113.751884460449
3,183.177734375,0,113.751884460449
3,183.177734375,0,113.751884460449
3,183.177734375,0,113.751884460449
3,183.053527832031,0,113.351852416992
3,183.053527832031,0,113.351852416992
3,183.053527832031,0,113.351852416992
3,183.053527832031,0,113.351852416992
3,183.053527832031,0,113.351852416992
3,183.053527832031,0,113.351852416992
3,182.872009277344,0,111.787490844727
3,182.872009277344,0,111.787490844727
3,182.872009277344,0,111.787490844727
3,182.872009277344,0,111.787490844727
3,182.872009277344,0,111.787490844727
3,182.539932250977,0,111.75700378418
3,182.539932250977,0,111.75700378418
3,182.539932250977,0,111.75700378418
3,182.539932250977,0,111.75700378418
3,182.539932250977,0,111.75700378418
3,182.273147583008,0,110.962867736816
3,182.273147583008,0,110.962867736816
3,182.273147583008,0,110.962867736816
3,182.273147583008,0,110.962867736816
3,181.5771484375,0,108.987533569336
3,181.5771484375,0,108.987533569336
3,181.5771484375,0,108.987533569336
3,181.5771484375,0,108.987533569336
3,181.5771484375,0,108.987533569336
3,181.287170410156,0,108.201560974121
3,181.287170410156,0,108.201560974121
3,181.287170410156,0,108.201560974121
3,181.287170410156,0,108.201560974121
3,180.533569335938,0,106.247497558594
3,180.533569335938,0,106.247497558594
3,180.533569335938,0,106.247497558594
3,180.533569335938,0,106.247497558594
3,180.533569335938,0,106.247497558594
3,179.775024414062,-0.753044247627258,103.556671142578
3,179.775024414062,-0.753044247627258,103.556671142578
3,179.775024414062,-0.753044247627258,103.556671142578
3,179.775024414062,-0.753044247627258,103.556671142578
3,179.775024414062,-0.753044247627258,103.556671142578
3,179.074569702148,0,102.771606445312
3,179.074569702148,0,102.771606445312
3,179.074569702148,0,102.771606445312
3,179.074569702148,0,102.771606445312
3,178.207702636719,0,100.865058898926
3,178.207702636719,0,100.865058898926
3,178.207702636719,0,100.865058898926
3,178.207702636719,0,100.865058898926
3,177.301116943359,0,98.9770965576172
3,177.301116943359,0,98.9770965576172
3,177.301116943359,0,98.9770965576172
3,177.301116943359,0,98.9770965576172
3,176.161315917969,0,96.7372131347656
3,176.161315917969,0,96.7372131347656
3,176.161315917969,0,96.7372131347656
3,176.161315917969,0,96.7372131347656
3,175.370330810547,0,95.2601623535156
3,175.370330810547,0,95.2601623535156
3,175.370330810547,0,95.2601623535156
3,175.370330810547,0,95.2601623535156
3,175.370330810547,0,95.2601623535156
3,174.553192138672,-0.731170892715454,93.7965927124023
3,174.553192138672,-0.731170892715454,93.7965927124023
3,174.553192138672,-0.731170892715454,93.7965927124023
3,174.553192138672,-0.731170892715454,93.7965927124023
3,173.285598754883,0,91.6273651123047
3,173.285598754883,0,91.6273651123047
3,173.285598754883,0,91.6273651123047
3,173.285598754883,0,91.6273651123047
3,173.285598754883,0,91.6273651123047
3,171.960845947266,-0.720312178134918,89.49072265625
3,171.960845947266,-0.720312178134918,89.49072265625
3,171.960845947266,-0.720312178134918,89.49072265625
3,171.050567626953,0,88.0850448608398
3,171.050567626953,0,88.0850448608398
3,171.050567626953,0,88.0850448608398
3,171.050567626953,0,88.0850448608398
3,171.050567626953,0,88.0850448608398
3,169.639022827148,0,86.0056915283203
3,169.639022827148,0,86.0056915283203
3,169.639022827148,0,86.0056915283203
3,169.639022827148,0,86.0056915283203
3,168.423126220703,0,84.3004302978516
3,168.423126220703,0,84.3004302978516
3,168.423126220703,0,84.3004302978516
3,168.423126220703,0,84.3004302978516
3,168.423126220703,0,84.3004302978516
3,167.171768188477,0,82.6210021972656
3,167.171768188477,0,82.6210021972656
3,167.171768188477,0,82.6210021972656
3,167.171768188477,0,82.6210021972656
3,165.885528564453,0,80.9681549072266
3,165.885528564453,0,80.9681549072266
3,165.885528564453,0,80.9681549072266
3,165.885528564453,0,80.9681549072266
3,165.885528564453,0,80.9681549072266
3,165.097259521484,0,79.989501953125
3,165.097259521484,0,79.989501953125
3,165.097259521484,0,79.989501953125
3,162.934310913086,-0.682501673698425,77.4289855957031
3,162.934310913086,-0.682501673698425,77.4289855957031
3,162.934310913086,-0.682501673698425,77.4289855957031
3,162.934310913086,-0.682501673698425,77.4289855957031
3,162.934310913086,-0.682501673698425,77.4289855957031
3,161.258987426758,0,75.5569152832031
3,161.258987426758,0,75.5569152832031
3,161.258987426758,0,75.5569152832031
3,161.258987426758,0,75.5569152832031
3,161.258987426758,0,75.5569152832031
3,159.535705566406,0,73.7275619506836
3,159.535705566406,0,73.7275619506836
3,159.535705566406,0,73.7275619506836
3,159.535705566406,0,73.7275619506836
3,158.063491821289,-0.66209864616394,72.2365875244141
3,158.063491821289,-0.66209864616394,72.2365875244141
3,158.063491821289,-0.66209864616394,72.2365875244141
3,158.063491821289,-0.66209864616394,72.2365875244141
3,156.257797241211,-0.654534935951233,70.4885559082031
3,156.257797241211,-0.654534935951233,70.4885559082031
3,156.257797241211,-0.654534935951233,70.4885559082031
3,156.257797241211,-0.654534935951233,70.4885559082031
3,154.410095214844,0,68.7864532470703
3,154.410095214844,0,68.7864532470703
3,154.410095214844,0,68.7864532470703
3,154.410095214844,0,68.7864532470703
3,154.410095214844,0,68.7864532470703
3,152.835571289062,-0.640199899673462,67.4039001464844
3,152.835571289062,-0.640199899673462,67.4039001464844
3,152.835571289062,-0.640199899673462,67.4039001464844
3,152.835571289062,-0.640199899673462,67.4039001464844
3,150.911407470703,0,65.7887878417969
3,150.911407470703,0,65.7887878417969
3,150.911407470703,0,65.7887878417969
3,150.911407470703,0,65.7887878417969
3,150.911407470703,0,65.7887878417969
3,149.605453491211,0,64.7391357421875
3,149.605453491211,0,64.7391357421875
3,149.605453491211,0,64.7391357421875
3,149.605453491211,0,64.7391357421875
3,147.278366088867,0,62.9554328918457
3,147.278366088867,0,62.9554328918457
3,147.278366088867,0,62.9554328918457
3,147.278366088867,0,62.9554328918457
3,147.278366088867,0,62.9554328918457
3,145.925430297852,0,61.9670600891113
3,145.925430297852,0,61.9670600891113
3,145.925430297852,0,61.9670600891113
3,145.925430297852,0,61.9670600891113
3,144.211303710938,0,60.7636871337891
3,144.211303710938,0,60.7636871337891
3,144.211303710938,0,60.7636871337891
3,144.211303710938,0,60.7636871337891
3,144.211303710938,0,60.7636871337891
3,141.969909667969,-0.594685673713684,58.7724266052246
3,141.969909667969,-0.594685673713684,58.7724266052246
3,141.969909667969,-0.594685673713684,58.7724266052246
3,139.997573852539,0,58.0241203308105
3,139.997573852539,0,58.0241203308105
3,139.997573852539,0,58.0241203308105
3,139.997573852539,0,58.0241203308105
3,139.997573852539,0,58.0241203308105
3,138.563049316406,0,57.1584205627441
3,138.563049316406,0,57.1584205627441
3,138.563049316406,0,57.1584205627441
3,138.563049316406,0,57.1584205627441
3,137.114227294922,0,56.3168792724609
3,137.114227294922,0,56.3168792724609
3,137.114227294922,0,56.3168792724609
3,137.114227294922,0,56.3168792724609
3,137.114227294922,0,56.3168792724609
3,134.544418334961,-0.563581585884094,54.903003692627
3,134.544418334961,-0.563581585884094,54.903003692627
3,134.544418334961,-0.563581585884094,54.903003692627
3,134.544418334961,-0.563581585884094,54.903003692627
3,132.686019897461,0,53.9395027160645
3,132.686019897461,0,53.9395027160645
3,132.686019897461,0,53.9395027160645
3,132.686019897461,0,53.9395027160645
3,130.428512573242,0,52.8350296020508
3,130.428512573242,0,52.8350296020508
3,130.428512573242,0,52.8350296020508
3,130.428512573242,0,52.8350296020508
3,128.142837524414,-0.536766588687897,51.7876319885254
3,128.142837524414,-0.536766588687897,51.7876319885254
3,128.142837524414,-0.536766588687897,51.7876319885254
3,128.142837524414,-0.536766588687897,51.7876319885254
3,126.220550537109,0,50.9588851928711
3,126.220550537109,0,50.9588851928711
3,126.220550537109,0,50.9588851928711
3,126.220550537109,0,50.9588851928711
3,123.890190124512,0,50.0178260803223
3,123.890190124512,0,50.0178260803223
3,123.890190124512,0,50.0178260803223
3,123.890190124512,0,50.0178260803223
3,123.890190124512,0,50.0178260803223
3,121.930641174316,0,49.2785491943359
3,121.930641174316,0,49.2785491943359
3,121.930641174316,0,49.2785491943359
3,121.930641174316,0,49.2785491943359
3,119.760543823242,0,48.0784149169922
3,119.760543823242,0,48.0784149169922
3,119.760543823242,0,48.0784149169922
3,119.760543823242,0,48.0784149169922
3,119.760543823242,0,48.0784149169922
3,117.369140625,0,47.3055381774902
3,117.369140625,0,47.3055381774902
3,117.369140625,0,47.3055381774902
3,117.369140625,0,47.3055381774902
3,115.159790039062,-0.482383012771606,47.0749778747559
3,115.159790039062,-0.482383012771606,47.0749778747559
3,115.159790039062,-0.482383012771606,47.0749778747559
3,115.159790039062,-0.482383012771606,47.0749778747559
3,112.330665588379,0,46.3086891174316
3,112.330665588379,0,46.3086891174316
3,112.330665588379,0,46.3086891174316
3,112.330665588379,0,46.3086891174316
3,111.111099243164,0,46.0057525634766
3,111.111099243164,0,46.0057525634766
3,111.111099243164,0,46.0057525634766
3,111.111099243164,0,46.0057525634766
3,108.250396728516,-0.453440815210342,45.3586502075195
3,108.250396728516,-0.453440815210342,45.3586502075195
3,108.250396728516,-0.453440815210342,45.3586502075195
3,108.250396728516,-0.453440815210342,45.3586502075195
3,106.197654724121,0,44.9479217529297
3,106.197654724121,0,44.9479217529297
3,106.197654724121,0,44.9479217529297
3,106.197654724121,0,44.9479217529297
3,106.197654724121,0,44.9479217529297
3,104.13582611084,0,44.5802803039551
3,104.13582611084,0,44.5802803039551
3,104.13582611084,0,44.5802803039551
3,104.13582611084,0,44.5802803039551
3,104.13582611084,0,44.5802803039551
3,102.692481994629,0,44.7470169067383
3,102.692481994629,0,44.7470169067383
3,102.692481994629,0,44.7470169067383
3,99.9904327392578,-0.418841421604156,43.9749221801758
3,99.9904327392578,-0.418841421604156,43.9749221801758
3,99.9904327392578,-0.418841421604156,43.9749221801758
3,99.9904327392578,-0.418841421604156,43.9749221801758
3,97.4928665161133,-0.408379554748535,43.6952095031738
3,97.4928665161133,-0.408379554748535,43.6952095031738
3,97.4928665161133,-0.408379554748535,43.6952095031738
3,97.4928665161133,-0.408379554748535,43.6952095031738
3,95.4075622558594,0,43.510124206543
3,95.4075622558594,0,43.510124206543
3,95.4075622558594,0,43.510124206543
3,95.4075622558594,0,43.510124206543
3,94.1541595458984,0,43.4200592041016
3,94.1541595458984,0,43.4200592041016
3,94.1541595458984,0,43.4200592041016
3,92.4813842773438,0,43.3244934082031
3,92.4813842773438,0,43.3244934082031
3,92.4813842773438,0,43.3244934082031
3,92.4813842773438,0,43.3244934082031
3,92.4813842773438,0,43.3244934082031
3,90.3885803222656,0,43.2444610595703
3,90.3885803222656,0,43.2444610595703
3,90.3885803222656,0,43.2444610595703
3,90.3885803222656,0,43.2444610595703
3,89.5510406494141,0,43.2247200012207
3,89.5510406494141,0,43.2247200012207
3,89.5510406494141,0,43.2247200012207
3,89.5510406494141,0,43.2247200012207
3,88.2945175170898,0,43.2082748413086
3,88.2945175170898,0,43.2082748413086
3,88.2945175170898,0,43.2082748413086
3,87.4567565917969,0,43.2060852050781
3,87.4567565917969,0,43.2060852050781
3,87.4567565917969,0,43.2060852050781
3,87.4567565917969,0,43.2060852050781
3,86.2001800537109,0,43.2159461975098
3,86.2001800537109,0,43.2159461975098
3,86.2001800537109,0,43.2159461975098
3,86.2001800537109,0,43.2159461975098
3,86.2001800537109,0,43.2159461975098
3,86.2001800537109,0,43.2159461975098
3,86.2001800537109,0,43.2159461975098
3,86.2001800537109,0,43.2159461975098
3,86.2001800537109,0,43.2159461975098
3,86.2001800537109,0,43.2159461975098
3,86.2001800537109,0,43.2159461975098
3,86.2001800537109,0,43.2159461975098
3,85.36181640625,-0.357564866542816,43.2313041687012
3,85.36181640625,-0.357564866542816,43.2313041687012
3,85.36181640625,-0.357564866542816,43.2313041687012
3,85.36181640625,-0.357564866542816,43.2313041687012
3,85.36181640625,-0.357564866542816,43.2313041687012
3,85.781364440918,0,43.2227516174316
3,85.781364440918,0,43.2227516174316
3,85.781364440918,0,43.2227516174316
3,85.781364440918,0,43.2227516174316
3,85.3625717163086,0,43.2313041687012
3,85.3625717163086,0,43.2313041687012
3,85.3625717163086,0,43.2313041687012
3,85.3625717163086,0,43.2313041687012
3,85.3625717163086,0,43.2313041687012
3,85.3625717163086,0,43.2313041687012
3,85.3625717163086,0,43.2313041687012
3,85.3625717163086,0,43.2313041687012
3,85.781364440918,0,43.2227516174316
3,85.781364440918,0,43.2227516174316
3,85.781364440918,0,43.2227516174316
3,85.781364440918,0,43.2227516174316
3,85.781364440918,0,43.2227516174316
3,85.3625717163086,0,43.2313041687012
3,85.3625717163086,0,43.2313041687012
3,85.3625717163086,0,43.2313041687012
3,85.3625717163086,0,43.2313041687012
3,85.3625717163086,0,43.2313041687012
3,85.3625717163086,0,43.2313041687012
3,85.3625717163086,0,43.2313041687012
3,85.3625717163086,0,43.2313041687012
3,85.3625717163086,0,43.2313041687012
3,85.3625717163086,0,43.2313041687012
3,85.3625717163086,0,43.2313041687012
3,85.3625717163086,0,43.2313041687012
3,85.3625717163086,0,43.2313041687012
3,85.563720703125,0,42.863883972168
3,85.563720703125,0,42.863883972168
3,85.563720703125,0,42.863883972168
3,85.563720703125,0,42.863883972168
3,85.781364440918,0,43.2227516174316
3,85.781364440918,0,43.2227516174316
3,85.781364440918,0,43.2227516174316
3,85.781364440918,0,43.2227516174316
3,85.781364440918,0,43.2227516174316
3,85.781364440918,0,43.2227516174316
3,85.781364440918,0,43.2227516174316
3,85.781364440918,0,43.2227516174316
3,85.9967346191406,-0.360224366188049,43.58251953125
3,85.9967346191406,-0.360224366188049,43.58251953125
3,85.9967346191406,-0.360224366188049,43.58251953125
3,85.9967346191406,-0.360224366188049,43.58251953125
3,85.781364440918,0,43.2227516174316
3,85.781364440918,0,43.2227516174316
3,85.781364440918,0,43.2227516174316
3,85.781364440918,0,43.2227516174316
3,86.2001800537109,0,43.2159461975098
3,86.2001800537109,0,43.2159461975098
3,86.2001800537109,0,43.2159461975098
3,86.2001800537109,0,43.2159461975098
3,86.2001800537109,0,43.2159461975098
3,85.3625717163086,0,43.2313041687012
3,85.3625717163086,0,43.2313041687012
3,85.3625717163086,0,43.2313041687012
3,85.781364440918,0,43.2227516174316
3,85.781364440918,0,43.2227516174316
3,85.781364440918,0,43.2227516174316
3,85.781364440918,0,43.2227516174316
3,85.781364440918,0,43.2227516174316
3,85.3625717163086,0,43.2313041687012
3,85.3625717163086,0,43.2313041687012
3,85.3625717163086,0,43.2313041687012
3,85.3625717163086,0,43.2313041687012
3,85.3625717163086,0,43.2313041687012
3,85.3625717163086,0,43.2313041687012
3,85.3625717163086,0,43.2313041687012
3,85.3625717163086,0,43.2313041687012
3,85.3625717163086,0,43.2313041687012
3,85.3625717163086,0,43.2313041687012
3,85.3625717163086,0,43.2313041687012
3,85.3625717163086,0,43.2313041687012
3,85.3625717163086,0,43.2313041687012
3,85.3625717163086,0,43.2313041687012
3,85.3625717163086,0,43.2313041687012
3,85.3625717163086,0,43.2313041687012
3,86.2001800537109,0,43.2159461975098
3,86.2001800537109,0,43.2159461975098
3,86.2001800537109,0,43.2159461975098
3,86.2001800537109,0,43.2159461975098
3,86.2001800537109,0,43.2159461975098
3,86.2001800537109,0,43.2159461975098
3,86.2001800537109,0,43.2159461975098
3,86.2001800537109,0,43.2159461975098
3,86.2001800537109,0,43.2159461975098
3,86.2001800537109,0,43.2159461975098
3,86.2001800537109,0,43.2159461975098
3,86.2001800537109,0,43.2159461975098
3,86.2001800537109,0,43.2159461975098
3,85.3625717163086,0,43.2313041687012
3,85.3625717163086,0,43.2313041687012
3,85.3625717163086,0,43.2313041687012
3,85.3625717163086,0,43.2313041687012
3,85.563720703125,0,42.863883972168
3,85.563720703125,0,42.863883972168
3,85.563720703125,0,42.863883972168
3,85.563720703125,0,42.863883972168
3,86.2001800537109,0,43.2159461975098
3,86.2001800537109,0,43.2159461975098
3,86.2001800537109,0,43.2159461975098
3,85.3445892333984,0,42.5059356689453
3,85.781364440918,0,43.2227516174316
3,85.781364440918,0,43.2227516174316
3,85.781364440918,0,43.2227516174316
3,86.1994323730469,-0.361073404550552,43.2159461975098
3,86.1994323730469,-0.361073404550552,43.2159461975098
3,86.1994323730469,-0.361073404550552,43.2159461975098
3,86.1994323730469,-0.361073404550552,43.2159461975098
3,86.1994323730469,-0.361073404550552,43.2159461975098
3,85.3625717163086,0,43.2313041687012
3,85.3625717163086,0,43.2313041687012
3,85.3625717163086,0,43.2313041687012
3,85.3625717163086,0,43.2313041687012
3,85.3625717163086,0,43.2313041687012
3,85.7806091308594,-0.359319061040878,43.2227516174316
3,85.7806091308594,-0.359319061040878,43.2227516174316
3,85.781364440918,0,43.2227516174316
3,85.781364440918,0,43.2227516174316
3,85.781364440918,0,43.2227516174316
3,85.781364440918,0,43.2227516174316
3,85.781364440918,0,43.2227516174316
3,86.2001800537109,0,43.2159461975098
3,86.2001800537109,0,43.2159461975098
3,86.2001800537109,0,43.2159461975098
3,86.2001800537109,0,43.2159461975098
3,86.2001800537109,0,43.2159461975098
3,85.7806091308594,-0.359319061040878,43.2227516174316
3,85.7806091308594,-0.359319061040878,43.2227516174316
3,85.7806091308594,-0.359319061040878,43.2227516174316
3,85.3625717163086,0,43.2313041687012
3,85.3625717163086,0,43.2313041687012
3,85.563720703125,0,42.863883972168
3,85.563720703125,0,42.863883972168
3,86.2001800537109,0,43.2159461975098
3,86.2001800537109,0,43.2159461975098
3,86.2001800537109,0,43.2159461975098
3,85.781364440918,0,43.2227516174316
3,85.781364440918,0,43.2227516174316
3,85.781364440918,0,43.2227516174316
3,85.781364440918,0,43.2227516174316
3,86.2001800537109,0,43.2159461975098
3,86.2001800537109,0,43.2159461975098
3,86.2001800537109,0,43.2159461975098
3,86.2001800537109,0,43.2159461975098
3,85.781364440918,0,43.2227516174316
3,85.781364440918,0,43.2227516174316
3,85.9825134277344,0,42.8553314208984
3,85.9825134277344,0,42.8553314208984
3,85.9825134277344,0,42.8553314208984
3,85.9825134277344,0,42.8553314208984
3,85.3625717163086,0,43.2313041687012
3,85.3625717163086,0,43.2313041687012
3,85.3625717163086,0,43.2313041687012
3,85.3625717163086,0,43.2313041687012
3,86.1994323730469,-0.361073404550552,43.2159461975098
3,86.1994323730469,-0.361073404550552,43.2159461975098
3,86.1994323730469,-0.361073404550552,43.2159461975098
3,86.1994323730469,-0.361073404550552,43.2159461975098
3,86.2001800537109,0,43.2159461975098
3,86.2001800537109,0,43.2159461975098
3,86.2001800537109,0,43.2159461975098
3,86.2001800537109,0,43.2159461975098
3,85.7806091308594,-0.359319061040878,43.2227516174316
3,85.7806091308594,-0.359319061040878,43.2227516174316
3,85.7806091308594,-0.359319061040878,43.2227516174316
3,85.7806091308594,-0.359319061040878,43.2227516174316
3,85.9817504882812,-0.360161662101746,42.8553314208984
3,85.9817504882812,-0.360161662101746,42.8553314208984
3,85.9817504882812,-0.360161662101746,42.8553314208984
3,85.9817504882812,-0.360161662101746,42.8553314208984
3,85.3625717163086,0,43.2313041687012
3,85.3625717163086,0,43.2313041687012
3,85.3625717163086,0,43.2313041687012
3,85.3625717163086,0,43.2313041687012
3,85.3625717163086,0,43.2313041687012
3,85.3625717163086,0,43.2313041687012
3,85.3625717163086,0,43.2313041687012
3,85.3625717163086,0,43.2313041687012
3,85.3625717163086,0,43.2313041687012
3,85.36181640625,-0.357564866542816,43.2313041687012
3,85.36181640625,-0.357564866542816,43.2313041687012
3,85.36181640625,-0.357564866542816,43.2313041687012
3,85.36181640625,-0.357564866542816,43.2313041687012
3,85.3625717163086,0,43.2313041687012
3,85.3625717163086,0,43.2313041687012
3,85.3625717163086,0,43.2313041687012
3,85.3625717163086,0,43.2313041687012
3,85.3625717163086,0,43.2313041687012
3,85.781364440918,0,43.2227516174316
3,85.781364440918,0,43.2227516174316
3,85.781364440918,0,43.2227516174316
3,85.781364440918,0,43.2227516174316
3,85.781364440918,0,43.2227516174316
3,86.2001800537109,0,43.2159461975098
4,86.2001800537109,0,43.2159461975098
4,86.2001800537109,0,43.2159461975098
4,86.2001800537109,0,43.2159461975098
4,86.2001800537109,0,43.2159461975098
4,86.2001800537109,0,43.2159461975098
4,86.2001800537109,0,43.2159461975098
4,86.2001800537109,0,43.2159461975098
4,85.3625717163086,0,43.2313041687012
4,85.3625717163086,0,43.2313041687012
4,85.3625717163086,0,43.2313041687012
4,85.3625717163086,0,43.2313041687012
4,86.1994323730469,-0.361073404550552,43.2159461975098
4,86.1994323730469,-0.361073404550552,43.2159461975098
4,86.1994323730469,-0.361073404550552,43.2159461975098
4,86.1994323730469,-0.361073404550552,43.2159461975098
4,86.1994323730469,-0.361073404550552,43.2159461975098
4,85.7806091308594,-0.359319061040878,43.2227516174316
4,85.7806091308594,-0.359319061040878,43.2227516174316
4,85.7806091308594,-0.359319061040878,43.2227516174316
4,85.7806091308594,-0.359319061040878,43.2227516174316
4,85.3625717163086,0,43.2313041687012
4,85.3625717163086,0,43.2313041687012
4,85.3625717163086,0,43.2313041687012
4,85.3625717163086,0,43.2313041687012
4,85.3625717163086,0,43.2313041687012
4,86.2001800537109,0,43.2159461975098
4,86.2001800537109,0,43.2159461975098
4,86.2001800537109,0,43.2159461975098
4,86.2001800537109,0,43.2159461975098
4,85.5786590576172,0,43.5893173217773
4,85.5786590576172,0,43.5893173217773
4,85.5786590576172,0,43.5893173217773
4,85.5786590576172,0,43.5893173217773
4,85.5786590576172,0,43.5893173217773
4,86.00634765625,0,44.3080520629883
4,86.00634765625,0,44.3080520629883
4,86.00634765625,0,44.3080520629883
4,86.00634765625,0,44.3080520629883
4,87.055419921875,0,45.3947906494141
4,87.055419921875,0,45.3947906494141
4,87.055419921875,0,45.3947906494141
4,87.055419921875,0,45.3947906494141
4,87.055419921875,0,45.3947906494141
4,87.671142578125,-0.367238104343414,46.4926490783691
4,87.671142578125,-0.367238104343414,46.4926490783691
4,87.671142578125,-0.367238104343414,46.4926490783691
4,87.8558349609375,0,47.5856628417969
4,87.8558349609375,0,47.5856628417969
4,87.8558349609375,0,47.5856628417969
4,87.8558349609375,0,47.5856628417969
4,87.8558349609375,0,47.5856628417969
4,89.4746551513672,0,49.1050758361816
4,89.4746551513672,0,49.1050758361816
4,89.4746551513672,0,49.1050758361816
4,89.4746551513672,0,49.1050758361816
4,89.4378509521484,0,49.8314819335938
4,89.4378509521484,0,49.8314819335938
4,89.4378509521484,0,49.8314819335938
4,89.4378509521484,0,49.8314819335938
4,89.9457244873047,-0.376765936613083,51.6826629638672
4,89.9457244873047,-0.376765936613083,51.6826629638672
4,89.9457244873047,-0.376765936613083,51.6826629638672
4,89.9457244873047,-0.376765936613083,51.6826629638672
4,89.9457244873047,-0.376765936613083,51.6826629638672
4,91.6676025390625,0,53.6586303710938
4,91.6676025390625,0,53.6586303710938
4,91.6676025390625,0,53.6586303710938
4,91.6676025390625,0,53.6586303710938
4,92.7631530761719,0,55.2512435913086
4,92.7631530761719,0,55.2512435913086
4,92.7631530761719,0,55.2512435913086
4,92.7631530761719,0,55.2512435913086
4,95.0729675292969,0,57.0601081848145
4,95.0729675292969,0,57.0601081848145
4,95.0729675292969,0,57.0601081848145
4,95.0729675292969,0,57.0601081848145
4,97.0375518798828,0,58.1485595703125
4,97.0375518798828,0,58.1485595703125
4,97.0375518798828,0,58.1485595703125
4,97.0375518798828,0,58.1485595703125
4,98.7520065307617,0,60.7751045227051
4,98.7520065307617,0,60.7751045227051
4,98.7520065307617,0,60.7751045227051
4,101.609176635742,0,63.7894554138184
4,101.609176635742,0,63.7894554138184
4,101.609176635742,0,63.7894554138184
4,101.609176635742,0,63.7894554138184
4,101.609176635742,0,63.7894554138184
4,103.723648071289,-0.434479176998138,65.9712600708008
4,103.723648071289,-0.434479176998138,65.9712600708008
4,103.723648071289,-0.434479176998138,65.9712600708008
4,103.723648071289,-0.434479176998138,65.9712600708008
4,105.104721069336,0,68.4141693115234
4,105.104721069336,0,68.4141693115234
4,105.104721069336,0,68.4141693115234
4,105.104721069336,0,68.4141693115234
4,105.104721069336,0,68.4141693115234
4,107.39917755127,0,70.4516143798828
4,107.39917755127,0,70.4516143798828
4,107.39917755127,0,70.4516143798828
4,107.39917755127,0,70.4516143798828
4,109.530464172363,0,73.798698425293
4,109.530464172363,0,73.798698425293
4,109.530464172363,0,73.798698425293
4,109.530464172363,0,73.798698425293
4,111.396255493164,0,76.3286743164062
4,111.396255493164,0,76.3286743164062
4,111.396255493164,0,76.3286743164062
4,111.396255493164,0,76.3286743164062
4,111.396255493164,0,76.3286743164062
4,112.456062316895,0,76.3930969238281
4,112.456062316895,0,76.3930969238281
4,112.456062316895,0,76.3930969238281
4,112.456062316895,0,76.3930969238281
4,114.556968688965,0,81.43115234375
4,114.556968688965,0,81.43115234375
4,114.556968688965,0,81.43115234375
4,115.448089599609,0,83.2833938598633
4,115.448089599609,0,83.2833938598633
4,115.448089599609,0,83.2833938598633
4,115.448089599609,0,83.2833938598633
4,115.448089599609,0,83.2833938598633
4,117.51904296875,0,87.7813415527344
4,117.51904296875,0,87.7813415527344
4,117.51904296875,0,87.7813415527344
4,117.51904296875,0,87.7813415527344
4,117.51904296875,0,87.7813415527344
4,118.646774291992,0,89.9546203613281
4,118.646774291992,0,89.9546203613281
4,118.646774291992,0,89.9546203613281
4,118.646774291992,0,89.9546203613281
4,118.646774291992,0,89.9546203613281
4,120.079895019531,0,92.9144668579102
4,120.079895019531,0,92.9144668579102
4,120.079895019531,0,92.9144668579102
4,120.079895019531,0,92.9144668579102
4,121.424896240234,0,96.4517669677734
4,121.424896240234,0,96.4517669677734
4,121.424896240234,0,96.4517669677734
4,121.424896240234,0,96.4517669677734
4,121.424896240234,0,96.4517669677734
4,123.03263092041,0,98.7912292480469
4,123.03263092041,0,98.7912292480469
4,123.03263092041,0,98.7912292480469
4,123.03263092041,0,98.7912292480469
4,123.870170593262,0,102.196533203125
4,123.870170593262,0,102.196533203125
4,123.870170593262,0,102.196533203125
4,123.870170593262,0,102.196533203125
4,123.870170593262,0,102.196533203125
4,125.03825378418,0,104.368751525879
4,125.03825378418,0,104.368751525879
4,125.03825378418,0,104.368751525879
4,125.03825378418,0,104.368751525879
4,126.10961151123,0,107.109649658203
4,126.10961151123,0,107.109649658203
4,126.10961151123,0,107.109649658203
4,126.10961151123,0,107.109649658203
4,126.406753540039,-0.529494404792786,110.353012084961
4,126.406753540039,-0.529494404792786,110.353012084961
4,126.406753540039,-0.529494404792786,110.353012084961
4,126.406753540039,-0.529494404792786,110.353012084961
4,126.406753540039,-0.529494404792786,110.353012084961
4,126.406753540039,-0.529494404792786,110.353012084961
4,126.406753540039,-0.529494404792786,110.353012084961
4,126.977157592773,0,113.39949798584
4,126.977157592773,0,113.39949798584
4,126.977157592773,0,113.39949798584
4,127.737213134766,0,116.800109863281
4,127.737213134766,0,116.800109863281
4,127.737213134766,0,116.800109863281
4,127.737213134766,0,116.800109863281
4,128.652954101562,-0.538903295993805,120.579216003418
4,128.652954101562,-0.538903295993805,120.579216003418
4,128.652954101562,-0.538903295993805,120.579216003418
4,128.652954101562,-0.538903295993805,120.579216003418
4,129.444686889648,0,124.420997619629
4,129.444686889648,0,124.420997619629
4,129.444686889648,0,124.420997619629
4,129.444686889648,0,124.420997619629
4,130.040115356445,-0.544713973999023,125.9921875
4,130.040115356445,-0.544713973999023,125.9921875
4,130.040115356445,-0.544713973999023,125.9921875
4,130.040115356445,-0.544713973999023,125.9921875
4,130.040115356445,-0.544713973999023,125.9921875
4,130.350051879883,0,131.014541625977
4,130.350051879883,0,131.014541625977
4,130.350051879883,0,131.014541625977
4,130.350051879883,0,131.014541625977
4,130.413314819336,0,135.182678222656
4,130.413314819336,0,135.182678222656
4,130.413314819336,0,135.182678222656
4,130.413314819336,0,135.182678222656
4,130.123458862305,0,138.097213745117
4,130.123458862305,0,138.097213745117
4,130.123458862305,0,138.097213745117
4,130.123458862305,0,138.097213745117
4,129.383102416992,0,141.185775756836
4,129.383102416992,0,141.185775756836
4,129.383102416992,0,141.185775756836
4,129.383102416992,0,141.185775756836
4,129.383102416992,0,141.185775756836
4,130.259704589844,-0.545633733272552,144.911178588867
4,130.259704589844,-0.545633733272552,144.911178588867
4,130.259704589844,-0.545633733272552,144.911178588867
4,130.259704589844,-0.545633733272552,144.911178588867
4,130.294418334961,0,148.079345703125
4,130.294418334961,0,148.079345703125
4,130.294418334961,0,148.079345703125
4,130.006072998047,0,151.811767578125
4,130.006072998047,0,151.811767578125
4,130.006072998047,0,151.811767578125
4,130.006072998047,0,151.811767578125
4,129.854080200195,-0.54393470287323,155.015289306641
4,129.854080200195,-0.54393470287323,155.015289306641
4,129.854080200195,-0.54393470287323,155.015289306641
4,129.854080200195,-0.54393470287323,155.015289306641
4,129.488510131836,0,157.834350585938
4,129.488510131836,0,157.834350585938
4,129.488510131836,0,157.834350585938
4,129.488510131836,0,157.834350585938
4,128.500625610352,-0.538265287876129,161.737060546875
4,128.500625610352,-0.538265287876129,161.737060546875
4,128.500625610352,-0.538265287876129,161.737060546875
4,128.500625610352,-0.538265287876129,161.737060546875
4,127.79158782959,0,165.501098632812
4,127.79158782959,0,165.501098632812
4,127.79158782959,0,165.501098632812
4,127.79158782959,0,165.501098632812
4,127.79158782959,0,165.501098632812
4,126.56315612793,0,169.387832641602
4,126.56315612793,0,169.387832641602
4,126.56315612793,0,169.387832641602
4,126.018379211426,0,173.028167724609
4,126.018379211426,0,173.028167724609
4,126.018379211426,0,173.028167724609
4,126.018379211426,0,173.028167724609
4,124.954620361328,0,176.783584594727
4,124.954620361328,0,176.783584594727
4,124.954620361328,0,176.783584594727
4,124.954620361328,0,176.783584594727
4,124.954620361328,0,176.783584594727
4,123.006317138672,0,181.145935058594
4,123.006317138672,0,181.145935058594
4,123.006317138672,0,181.145935058594
4,123.006317138672,0,181.145935058594
4,122.029075622559,0,183.936187744141
4,122.029075622559,0,183.936187744141
4,122.029075622559,0,183.936187744141
4,119.84130859375,-0.501993060112,188.647964477539
4,119.84130859375,-0.501993060112,188.647964477539
4,119.84130859375,-0.501993060112,188.647964477539
4,119.84130859375,-0.501993060112,188.647964477539
4,119.84130859375,-0.501993060112,188.647964477539
4,118.289497375488,-0.49549275636673,192.736785888672
4,118.289497375488,-0.49549275636673,192.736785888672
4,118.289497375488,-0.49549275636673,192.736785888672
4,118.289497375488,-0.49549275636673,192.736785888672
4,115.764808654785,0,196.934783935547
4,115.764808654785,0,196.934783935547
4,115.764808654785,0,196.934783935547
4,115.764808654785,0,196.934783935547
4,115.764808654785,0,196.934783935547
4,114.82421875,-0.480977326631546,199.574554443359
4,114.82421875,-0.480977326631546,199.574554443359
4,114.82421875,-0.480977326631546,199.574554443359
4,114.82421875,-0.480977326631546,199.574554443359
4,113.370498657227,-0.47488796710968,202.679580688477
4,113.370498657227,-0.47488796710968,202.679580688477
4,113.370498657227,-0.47488796710968,202.679580688477
4,113.370498657227,-0.47488796710968,202.679580688477
4,111.364028930664,-0.466483265161514,206.22900390625
4,111.364028930664,-0.466483265161514,206.22900390625
4,111.364028930664,-0.466483265161514,206.22900390625
4,111.364028930664,-0.466483265161514,206.22900390625
4,110.260673522949,0,208.403350830078
4,110.260673522949,0,208.403350830078
4,110.260673522949,0,208.403350830078
4,110.260673522949,0,208.403350830078
4,110.260673522949,0,208.403350830078
4,110.260673522949,0,208.403350830078
4,107.00838470459,0,213.200225830078
4,107.00838470459,0,213.200225830078
4,107.00838470459,0,213.200225830078
4,107.00838470459,0,213.200225830078
4,104.150016784668,0,217.051818847656
4,104.150016784668,0,217.051818847656
4,104.150016784668,0,217.051818847656
4,104.150016784668,0,217.051818847656
4,102.08960723877,-0.427634418010712,218.779632568359
4,102.08960723877,-0.427634418010712,218.779632568359
4,102.08960723877,-0.427634418010712,218.779632568359
4,102.08960723877,-0.427634418010712,218.779632568359
4,101.364028930664,0,220.017944335938
4,101.364028930664,0,220.017944335938
4,101.364028930664,0,220.017944335938
4,101.364028930664,0,220.017944335938
4,98.3749465942383,0,223.320617675781
4,98.3749465942383,0,223.320617675781
4,98.3749465942383,0,223.320617675781
4,98.3749465942383,0,223.320617675781
4,98.3749465942383,0,223.320617675781
4,96.6300735473633,0,224.946563720703
4,96.6300735473633,0,224.946563720703
4,96.6300735473633,0,224.946563720703
4,96.6300735473633,0,224.946563720703
4,95.2770690917969,0,226.547607421875
4,95.2770690917969,0,226.547607421875
4,95.2770690917969,0,226.547607421875
4,95.2770690917969,0,226.547607421875
4,95.2770690917969,0,226.547607421875
4,94.4542694091797,0,227.73828125
4,94.4542694091797,0,227.73828125
4,94.4542694091797,0,227.73828125
4,94.4542694091797,0,227.73828125
4,93.1968612670898,-0.390384376049042,228.919250488281
4,93.1968612670898,-0.390384376049042,228.919250488281
4,93.1968612670898,-0.390384376049042,228.919250488281
4,93.1968612670898,-0.390384376049042,228.919250488281
4,92.6359100341797,0,229.308456420898
4,92.6359100341797,0,229.308456420898
4,92.6359100341797,0,229.308456420898
4,92.6359100341797,0,229.308456420898
4,92.0725021362305,0,229.6953125
4,92.0725021362305,0,229.6953125
4,92.0725021362305,0,229.6953125
4,92.0725021362305,0,229.6953125
4,91.5074844360352,0,230.079788208008
4,91.5074844360352,0,230.079788208008
4,91.5074844360352,0,230.079788208008
4,91.5074844360352,0,230.079788208008
4,92.0725021362305,0,229.6953125
4,92.0725021362305,0,229.6953125
4,92.0725021362305,0,229.6953125
4,92.0725021362305,0,229.6953125
4,92.0725021362305,0,229.6953125
4,92.0725021362305,0,229.6953125
4,92.0725021362305,0,229.6953125
4,92.0725021362305,0,229.6953125
4,92.0725021362305,0,229.6953125
4,92.6350860595703,-0.388031214475632,229.308456420898
4,92.6350860595703,-0.388031214475632,229.308456420898
4,92.6350860595703,-0.388031214475632,229.308456420898
4,92.6350860595703,-0.388031214475632,229.308456420898
4,92.6350860595703,-0.388031214475632,229.308456420898
4,92.0725021362305,0,229.6953125
4,92.0725021362305,0,229.6953125
4,92.0725021362305,0,229.6953125
4,92.0725021362305,0,229.6953125
4,92.6359100341797,0,229.308456420898
4,92.6359100341797,0,229.308456420898
4,92.6359100341797,0,229.308456420898
4,92.6359100341797,0,229.308456420898
4,92.0725021362305,0,229.6953125
4,92.0725021362305,0,229.6953125
4,92.0725021362305,0,229.6953125
4,92.0725021362305,0,229.6953125
4,92.0725021362305,0,229.6953125
4,92.0725021362305,0,229.6953125
4,92.0725021362305,0,229.6953125
4,92.0725021362305,0,229.6953125
4,92.0725021362305,0,229.6953125
4,92.6359100341797,0,229.308456420898
4,92.6359100341797,0,229.308456420898
4,92.6359100341797,0,229.308456420898
4,92.6359100341797,0,229.308456420898
4,92.0725021362305,0,229.6953125
4,92.0725021362305,0,229.6953125
4,92.0725021362305,0,229.6953125
4,92.0725021362305,0,229.6953125
4,92.0725021362305,0,229.6953125
4,92.0717010498047,-0.385671257972717,229.6953125
4,92.0717010498047,-0.385671257972717,229.6953125
4,92.0717010498047,-0.385671257972717,229.6953125
4,92.0717010498047,-0.385671257972717,229.6953125
4,92.0725021362305,0,229.6953125
4,92.0725021362305,0,229.6953125
4,92.0725021362305,0,229.6953125
4,92.0725021362305,0,229.6953125
4,92.6350860595703,-0.388031214475632,229.308456420898
4,92.6350860595703,-0.388031214475632,229.308456420898
4,92.6350860595703,-0.388031214475632,229.308456420898
4,92.6350860595703,-0.388031214475632,229.308456420898
4,92.6350860595703,-0.388031214475632,229.308456420898
4,92.6359100341797,0,229.308456420898
4,92.6359100341797,0,229.308456420898
4,92.6359100341797,0,229.308456420898
4,92.6359100341797,0,229.308456420898
4,92.6359100341797,0,229.308456420898
4,92.6359100341797,0,229.308456420898
4,92.6359100341797,0,229.308456420898
4,92.6359100341797,0,229.308456420898
4,92.6359100341797,0,229.308456420898
4,92.6359100341797,0,229.308456420898
4,92.6359100341797,0,229.308456420898
4,92.6359100341797,0,229.308456420898
4,92.0717010498047,-0.385671257972717,229.6953125
4,92.0717010498047,-0.385671257972717,229.6953125
4,92.0717010498047,-0.385671257972717,229.6953125
4,92.0717010498047,-0.385671257972717,229.6953125
4,92.0717010498047,-0.385671257972717,229.6953125
4,92.0717010498047,-0.385671257972717,229.6953125
4,92.0717010498047,-0.385671257972717,229.6953125
4,92.0717010498047,-0.385671257972717,229.6953125
4,92.0725021362305,0,229.6953125
4,92.0725021362305,0,229.6953125
4,92.0725021362305,0,229.6953125
4,92.0725021362305,0,229.6953125
4,92.0725021362305,0,229.6953125
4,92.0725021362305,0,229.6953125
4,92.0725021362305,0,229.6953125
4,92.0725021362305,0,229.6953125
4,92.0725021362305,0,229.6953125
4,91.5074844360352,0,230.079788208008
4,91.5074844360352,0,230.079788208008
4,91.5074844360352,0,230.079788208008
4,91.5074844360352,0,230.079788208008
4,91.5074844360352,0,230.079788208008
4,91.5074844360352,0,230.079788208008
4,91.5074844360352,0,230.079788208008
4,91.5074844360352,0,230.079788208008
4,91.5074844360352,0,230.079788208008
4,92.0725021362305,0,229.6953125
4,92.0725021362305,0,229.6953125
4,92.0725021362305,0,229.6953125
4,92.0725021362305,0,229.6953125
4,92.6359100341797,0,229.308456420898
4,92.6359100341797,0,229.308456420898
4,92.6359100341797,0,229.308456420898
4,92.6359100341797,0,229.308456420898
4,92.6359100341797,0,229.308456420898
4,92.6359100341797,0,229.308456420898
4,92.6359100341797,0,229.308456420898
4,92.0725021362305,0,229.6953125
4,92.0725021362305,0,229.6953125
4,92.0725021362305,0,229.6953125
4,92.0725021362305,0,229.6953125
4,92.0725021362305,0,229.6953125
4,92.0725021362305,0,229.6953125
4,92.6350860595703,-0.388031214475632,229.308456420898
4,92.6350860595703,-0.388031214475632,229.308456420898
4,92.6350860595703,-0.388031214475632,229.308456420898
4,92.6350860595703,-0.388031214475632,229.308456420898
4,92.0725021362305,0,229.6953125
4,92.0725021362305,0,229.6953125
4,92.0725021362305,0,229.6953125
4,92.0725021362305,0,229.6953125
4,92.6359100341797,0,229.308456420898
4,92.6359100341797,0,229.308456420898
4,92.6359100341797,0,229.308456420898
4,92.6359100341797,0,229.308456420898
4,92.6350860595703,-0.388031214475632,229.308456420898
4,92.6350860595703,-0.388031214475632,229.308456420898
4,92.6350860595703,-0.388031214475632,229.308456420898
4,92.6350860595703,-0.388031214475632,229.308456420898
4,92.6359100341797,0,229.308456420898
4,92.6359100341797,0,229.308456420898
4,92.6359100341797,0,229.308456420898
4,92.6359100341797,0,229.308456420898
4,92.6359100341797,0,229.308456420898
4,92.6359100341797,0,229.308456420898
4,92.6359100341797,0,229.308456420898
4,92.6359100341797,0,229.308456420898
4,92.6359100341797,0,229.308456420898
4,92.6359100341797,0,229.308456420898
4,92.6359100341797,0,229.308456420898
4,92.6359100341797,0,229.308456420898
4,92.6359100341797,0,229.308456420898
4,92.6359100341797,0,229.308456420898
4,92.6359100341797,0,229.308456420898
4,92.6359100341797,0,229.308456420898
4,92.6359100341797,0,229.308456420898
4,92.6359100341797,0,229.308456420898
4,92.6359100341797,0,229.308456420898
4,92.6359100341797,0,229.308456420898
4,92.6359100341797,0,229.308456420898
4,92.6359100341797,0,229.308456420898
4,92.6359100341797,0,229.308456420898
4,92.6359100341797,0,229.308456420898
4,92.0717010498047,-0.385671257972717,229.6953125
4,92.0717010498047,-0.385671257972717,229.6953125
4,92.0717010498047,-0.385671257972717,229.6953125
4,92.0717010498047,-0.385671257972717,229.6953125
4,92.0717010498047,-0.385671257972717,229.6953125
4,92.6359100341797,0,229.308456420898
4,92.6359100341797,0,229.308456420898
4,92.6359100341797,0,229.308456420898
4,92.6359100341797,0,229.308456420898
4,92.6359100341797,0,229.308456420898
4,92.6359100341797,0,229.308456420898
4,92.6359100341797,0,229.308456420898
4,92.6359100341797,0,229.308456420898
4,92.6359100341797,0,229.308456420898
4,92.6359100341797,0,229.308456420898
4,92.6359100341797,0,229.308456420898
4,92.6359100341797,0,229.308456420898
4,92.6359100341797,0,229.308456420898
4,92.6359100341797,0,229.308456420898
4,92.6359100341797,0,229.308456420898
4,92.6359100341797,0,229.308456420898
4,92.6359100341797,0,229.308456420898
4,92.6359100341797,0,229.308456420898
4,92.6359100341797,0,229.308456420898
4,92.6359100341797,0,229.308456420898
4,92.6359100341797,0,229.308456420898
4,92.6359100341797,0,229.308456420898
4,92.6359100341797,0,229.308456420898
4,92.6350860595703,-0.388031214475632,229.308456420898
4,92.6350860595703,-0.388031214475632,229.308456420898
4,92.6350860595703,-0.388031214475632,229.308456420898
4,92.6350860595703,-0.388031214475632,229.308456420898
4,92.6350860595703,-0.388031214475632,229.308456420898
4,92.6359100341797,0,229.308456420898
4,92.6359100341797,0,229.308456420898
4,92.6359100341797,0,229.308456420898
4,92.6359100341797,0,229.308456420898
4,92.6359100341797,0,229.308456420898
4,92.6359100341797,0,229.308456420898
4,92.6359100341797,0,229.308456420898
4,92.6359100341797,0,229.308456420898
4,92.6359100341797,0,229.308456420898
4,92.6359100341797,0,229.308456420898
4,92.6359100341797,0,229.308456420898
4,92.6359100341797,0,229.308456420898
4,92.4913330078125,0,229.701599121094
4,92.4913330078125,0,229.701599121094
4,92.4913330078125,0,229.701599121094
4,92.4913330078125,0,229.701599121094
4,92.4913330078125,0,229.701599121094
4,92.4913330078125,0,229.701599121094
4,92.6359100341797,0,229.308456420898
4,92.6359100341797,0,229.308456420898
